question_id,question,topic,difficulty,strategy,response,response_time,length,word_count,has_code,has_steps,clarity_score,completeness_score
0,What is a list comprehension in Python?,python_basics,easy,zero_shot,"当然，我可以详细解释Python中的列表推导式（List Comprehension）。列表推导式是一种非常强大且简洁的方式来创建列表。下面我会逐步解释其概念、语法、优势，并通过具体的例子来进行说明。

### 概念
列表推导式允许你在一行代码中通过指定的表达式、迭代器和条件来生成新的列表。这种语法不仅使代码更具可读性，而且通常比传统的循环方法更快。

### 语法
列表推导式的基本语法如下：
```python
[expression for item in iterable if condition]
```
- **expression**: 针对每个元素进行的操作。
- **item**: 当前迭代的变量名。
- **iterable**: 要迭代的对象，例如列表、元组或其他可迭代对象。
- **condition** (可选): 一个布尔表达式，用于筛选元素。

### 简单的例子
假设我们有一个列表 `numbers = [1, 2, 3, 4, 5]`，我们想生成一个新的列表，其中包含原列表中所有数字的平方。

#### 步骤1: 写出常规的循环版本
首先，我们写出传统的循环版本实现这个功能：
```python
numbers = [1, 2, 3, 4, 5]
squared_numbers = []
for num in numbers:
    squared_numbers.append(num * num)
print(squared_numbers)  # 输出: [1, 4, 9, 16, 25]
```

#### 步骤2: 使用列表推导式
接下来，我们使用列表推导式来重写这段代码：
```python
numbers = [1, 2, 3, 4, 5]
squared_numbers = [num * num for num in numbers]
print(squared_numbers)  # 输出: [1, 4, 9, 16, 25]
```

在这个例子中，`[num * num for num in numbers]` 就是一个列表推导式，它会遍历 `numbers` 中的每个元素 `num`，并对其应用 `num * num` 运算，最终生成新的列表 `squared_numbers`。

### 更复杂的例子
假设我们现在有一个字符串列表 `words = ['apple', 'banana', 'cherry', 'date']`，我们需要生成一个新的列表，其中包含长度大于4的单词。

#### 步骤1: 写出常规的循环版本
传统版本可能是这样的：
```python
words = ['apple', 'banana', 'cherry', 'date']
long_words = []
for word in words:
    if len(word) > 4:
        long_words.append(word)
print(long_words)  # 输出: ['banana', 'cherry']
```

#### 步骤2: 使用列表推导式
使用列表推导式重写上述代码：
```python
words = ['apple', 'banana', 'cherry', 'date']
long_words = [word for word in words if len(word) > 4]
print(long_words)  # 输出: ['banana', 'cherry']
```

在这个例子中，`[word for word in words if len(word) > 4]` 是一个带有条件的列表推导式，它会对 `words` 中的每个单词 `word` 应用 `len(word) > 4` 条件，如果条件成立则保留该单词，否则跳过。

### 总结
列表推导式提供了一种简洁的方式来构建列表，使得代码更加紧凑和易于阅读。通过这种方式，你可以更高效地编写代码，同时保持代码的清晰度。

### 实践练习
请你尝试构造一个列表推导式，从一个数字列表中生成偶数列表。例如，给定列表 `numbers = [1, 2, 3, 4, 5, 6]`，生成一个新的列表，其中包含所有的偶数。

你可以参考上面的步骤来自行完成这个任务。完成后，我们可以一起检查你的代码是否正确。",53.96363615989685,1857,216,True,False,4.32,0.8
0,What is a list comprehension in Python?,python_basics,easy,few_shot,"当然，我们可以按照类似的方式详细解释列表推导式（List Comprehension）的概念。

### 概念解释

**什么是列表推导式？**

列表推导式是一种在一行代码中创建列表的强大工具。它结合了循环和条件判断的能力，使得代码更加简洁和高效。列表推导式的语法非常直观，类似于数学上的集合表示法。

### 结构与组成

列表推导式的基本结构如下：
- **表达式**: 对每个元素进行的操作。
- **for 子句**: 遍历的数据源（通常是列表或其他可迭代对象）。
- **if 子句** (可选): 过滤条件，用于选择哪些元素进入最终的列表。

### 示例与解析

#### 示例1：创建一个偶数列表

假设我们有一个包含数字的列表 `numbers`，并希望创建一个新的列表 `even_numbers`，其中只包含偶数。

**传统方法**：
```python
numbers = [1, 2, 3, 4, 5]
even_numbers = []
for num in numbers:
    if num % 2 == 0:
        even_numbers.append(num)
print(even_numbers)  # 输出 [2, 4]
```

**列表推导式方法**：
```python
numbers = [1, 2, 3, 4, 5]
even_numbers = [num for num in numbers if num % 2 == 0]
print(even_numbers)  # 输出 [2, 4]
```

#### 解析

1. **表达式**: `num`
   - 表达式是对每个元素进行的操作，这里就是直接取 `num`。

2. **for 子句**: `for num in numbers`
   - `for` 循环遍历列表 `numbers` 中的每个元素，并将其赋值给 `num`。

3. **if 子句**: `if num % 2 == 0`
   - 条件判断，只有当 `num` 是偶数时，才将 `num` 添加到新列表中。

### 实际应用

#### 示例2：创建一个平方列表

假设我们有一个包含数字的列表 `numbers`，并希望创建一个新的列表 `squares`，其中包含原列表中每个数字的平方。

**传统方法**：
```python
numbers = [1, 2, 3, 4, 5]
squares = []
for num in numbers:
    squares.append(num * num)
print(squares)  # 输出 [1, 4, 9, 16, 25]
```

**列表推导式方法**：
```python
numbers = [1, 2, 3, 4, 5]
squares = [num * num for num in numbers]
print(squares)  # 输出 [1, 4, 9, 16, 25]
```

### 总结

列表推导式提供了一种简洁而强大的方式来创建列表。它的语法清晰易懂，能够大大提高代码的可读性和效率。通过合理利用表达式、for 子句和 if 子句，你可以轻松地完成复杂的列表操作。

### 实践建议

你可以尝试编写更多不同类型的列表推导式练习，例如：
- 创建一个包含字符串长度的新列表。
- 根据某些条件筛选出符合条件的子集。
- 处理多维列表的情况。

这样可以帮助你更好地掌握列表推导式的各种应用场景。",35.75341486930847,1509,199,True,True,3.98,0.8
0,What is a list comprehension in Python?,python_basics,easy,cot,"当然，让我们一步步来详细解释Python中的列表推导式（List Comprehension）。

### 1. 定义
首先，我们需要明确什么是列表推导式。列表推导式是一种在一行代码中创建新的列表的方法。它结合了生成新元素和应用条件过滤的功能，使得代码更加简洁和高效。

### 2. 解决的问题
那么，列表推导式解决了什么问题？它主要解决了以下几个方面的问题：
- **简化代码**：使代码更加简洁、易读。
- **提高效率**：相比于传统的循环嵌套，列表推导式往往执行得更快。
- **减少错误**：减少了手动管理临时变量的需求，从而降低了出错的可能性。

### 3. 简单代码示例
现在，让我们通过一个具体的例子来展示列表推导式的使用。假设我们有一个包含一些数字的列表，我们希望从中提取出所有偶数并构成一个新的列表。

#### 示例代码
```python
# 原始列表
numbers = [1, 2, 3, 4, 5, 6, 7, 8, 9, 10]

# 使用列表推导式提取所有偶数
even_numbers = [num for num in numbers if num % 2 == 0]

# 打印结果
print(even_numbers)  # 输出: [2, 4, 6, 8, 10]
```

在这个例子中，`[num for num in numbers if num % 2 == 0]` 是一个典型的列表推导式形式，其中 `num` 表示生成的新元素，`numbers` 是输入序列，`if num % 2 == 0` 是过滤条件。

### 4. 关键要点总结
总结一下，列表推导式的几个关键点包括：

- **简洁性**：使用列表推导式可以使代码更加简洁，更容易理解和维护。
- **过滤与生成**：列表推导式能够同时完成元素的生成和条件过滤。
- **语法结构**：基本结构为 `[expression for item in iterable if condition]`，其中 `expression` 是生成的新元素，`item` 是迭代对象中的当前项，`iterable` 是输入序列，`condition` 是可选的过滤条件。
- **性能**：对于简单的情况，列表推导式通常比传统的for循环更高效。

通过以上步骤的分析，你应该对列表推导式有了一个全面的理解。如果有任何疑问或需要进一步的例子，请随时提问！",26.90109944343567,1032,109,True,True,2.18,0.8
1,Explain the concept and working principle of recursion,algorithms,medium,zero_shot,"当然，我会详细解释递归的概念及其工作原理。递归是一种强大的编程技术，通过函数调用自身来解决问题。下面我们将分几个部分来进行详细的讲解。

### 什么是递归？

递归是指一个函数直接或间接地调用自身的过程。递归可以用来解决那些可以通过将其分解成更小的相同问题来解决的任务。

### 递归的基本组成部分

1. **基本情况（Base Case）**：这是递归终止的条件。没有基本情况，递归将无限进行下去。
2. **递归情况（Recursive Case）**：在这个情况下，函数会调用自身来处理较小的问题实例。

### 递归的工作原理

递归的关键在于两个部分：
- **基本情况** 确保了递归能够停止。
- **递归情况** 确保了问题被逐步简化并最终达到基本情况。

### 示例：计算阶乘

我们通过一个简单的阶乘例子来理解递归的概念和工作原理。

#### 阶乘的定义
n 的阶乘表示为 n!，定义如下：
- \(0! = 1\) (基本情况)
- \(n! = n \times (n-1)!\) 对于 \(n > 0\) (递归情况)

#### 递归实现阶乘

下面是用 Python 实现的阶乘函数：

```python
def factorial(n):
    # 基本情况
    if n == 0:
        return 1
    # 递归情况
    else:
        return n * factorial(n - 1)

# 测试
print(factorial(5))  # 输出应该是 120
```

### 分析递归过程

当我们调用 `factorial(5)` 时，会发生以下步骤：

1. `factorial(5)` 返回 `5 * factorial(4)`
2. `factorial(4)` 返回 `4 * factorial(3)`
3. `factorial(3)` 返回 `3 * factorial(2)`
4. `factorial(2)` 返回 `2 * factorial(1)`
5. `factorial(1)` 返回 `1 * factorial(0)`
6. `factorial(0)` 返回 `1` （基本情况）

然后从上到下返回结果：
- `factorial(1)` 返回 `1`
- `factorial(2)` 返回 `2 * 1 = 2`
- `factorial(3)` 返回 `3 * 2 = 6`
- `factorial(4)` 返回 `4 * 6 = 24`
- `factorial(5)` 返回 `5 * 24 = 120`

### 相关注意事项

1. **基本情况**：确保有一个明确的终止条件，避免无限递归。
2. **递归情况**：每次递归调用都应该使问题规模减小，直到到达基本情况。
3. **性能考虑**：递归可能会导致大量的函数调用栈，对于大规模数据可能会影响性能。可以考虑使用尾递归优化或其他技巧提高效率。

### 总结

递归是一种非常有用的编程技术，但需要小心使用以避免性能问题和无限递归。通过合理设计递归算法，我们可以优雅地解决许多复杂的问题。

希望这能帮助你更好地理解递归的概念和工作原理！如果还有其他问题或需要进一步的例子，请随时提问。",34.38997793197632,1403,166,True,True,3.32,0.6
1,Explain the concept and working principle of recursion,algorithms,medium,few_shot,"当然，我会按照你的要求来解释递归的概念和工作原理，并尽量保持简洁明了。

### 什么是递归？

递归是一种编程技术，其中函数直接或间接地调用自身来解决问题。递归的关键在于将复杂问题分解为更小的子问题，直到这些问题变得足够简单，可以直接得到答案。

### 递归的工作原理

递归由两部分组成：
1. **基本情况**：这是递归的终止条件，确保递归不会无限进行下去。
2. **递归情况**：在这部分，原问题被分解为一个或多个较小的子问题，并通过递归调用自身来解决这些子问题。

### 示例解释

假设我们要计算一个整数的阶乘。阶乘的数学定义是：
\[ n! = n \times (n-1) \times (n-2) \times \ldots \times 1 \]
特殊情况是 \(0! = 1\) 和 \(1! = 1\)。

#### 步骤解析

1. **基本情况**：
   - 当 `n` 为 0 或 1 时，返回 1。这是因为阶乘的基本单元已经确定。
   
2. **递归情况**：
   - 当 `n > 1` 时，函数调用自身来计算 `(n-1)!`，并将结果与 `n` 相乘。

### 代码示例

以下是用 Python 实现的递归阶乘函数：

```python
def factorial(n):
    # 基本情况
    if n == 0 or n == 1:
        return 1
    
    # 递归情况
    else:
        return n * factorial(n - 1)

# 测试函数
print(factorial(5))  # 输出应为 120
```

### 解释代码

1. **基本情况**：
   ```python
   if n == 0 or n == 1:
       return 1
   ```
   这段代码检查 `n` 是否等于 0 或 1。如果是，则直接返回 1，因为这是阶乘的基本单元。

2. **递归情况**：
   ```python
   else:
       return n * factorial(n - 1)
   ```
   如果 `n` 大于 1，函数会调用自身，传入参数 `n - 1`。这一步将原始问题分解为更小的子问题，并将结果逐步累加起来。

### 总结

递归通过不断将问题分解为更小的部分来解决问题，直到达到可以直接求解的基本情况。这种技术适用于很多问题，尤其是那些可以自然地划分为相似子问题的问题。

希望这个解释对你有所帮助！如果你有任何进一步的问题或需要更多示例，请随时告诉我。",29.332979679107666,1127,140,True,True,2.8,0.8
1,Explain the concept and working principle of recursion,algorithms,medium,cot,"好的，让我们按照规定的步骤来详细解释递归的概念和工作原理。

### 1. 首先，这个概念的定义是什么？

递归是一种函数在其定义中直接或间接地调用自身的编程技术。具体来说，递归函数会不断地将其输入值传递给一个与当前问题相同但规模更小的子问题，直到达到一个基础情况（基准情况），此时不再继续调用自身而是返回结果。

递归的核心在于将一个复杂问题分解为若干个相同类型的较小子问题，每一步都在向基础情况靠近，从而最终解决问题。

### 2. 它解决什么问题？

递归通常用于解决那些可以自然分解为相同类型的较小子问题的问题。递归特别适合于具有自相似性的结构或过程，如：
- 数学序列的计算（如阶乘、斐波那契数列）
- 数据结构的操作（如树和图的遍历）
- 递归算法的设计（如排序算法中的快速排序、归并排序）

递归的优势在于它可以简化问题的表述，使代码更加简洁和易于理解。然而，递归也可能带来额外的开销，如函数调用栈的使用，因此需要谨慎使用。

### 3. 给出一个简单的代码示例

下面我们通过一个经典的例子——计算阶乘来展示递归的工作原理。阶乘 \( n! \) 是指 \( n \) 和所有小于它的正整数的乘积，即 \( n! = n \times (n-1) \times (n-2) \times \cdots \times 1 \)。对于基数情况 \( n = 0 \) 或 \( n = 1 \)，阶乘的结果是 1。

以下是用 Python 实现的递归阶乘函数：

```python
def factorial(n):
    # 基准情况
    if n == 0 or n == 1:
        return 1
    # 递归调用
    else:
        return n * factorial(n - 1)

# 测试
print(factorial(5))  # 输出 120
```

在这个例子中：
- 当 `n` 为 0 或 1 时，函数直接返回 1。
- 对于其他情况，函数调用自身并将 `n - 1` 作为参数传递，直到达到基准情况为止。

### 4. 总结关键要点

总结一下，递归的关键要点包括：
- **基准情况**：递归必须有一个明确的结束条件，防止无限递归。基准情况通常是问题的最小实例。
- **递归调用**：函数需要调用自身来解决较小的子问题。每次递归调用都应该朝着基准情况前进。
- **问题的缩小**：每次递归调用都应该使问题变得更简单，直到到达基准情况。

递归的优点是代码简洁易懂，但在实际应用中要注意控制递归深度，避免栈溢出等问题。合理的递归设计和基准情况的选择是保证递归高效和正确运行的重要因素。

希望以上内容能帮助你全面理解递归的概念和工作原理。如果你有任何疑问或需要进一步探讨，请随时提问！",32.97167778015137,1193,116,True,True,2.32,0.8
2,What is polymorphism in OOP?,oop,medium,zero_shot,"当然，我很乐意详细解释面向对象编程（OOP）中的多态性（Polymorphism）。多态性是一种非常重要的设计原则，它极大地提高了代码的灵活性和复用性。下面我们从几个方面逐步讲解：

### 概念解释
#### 定义
多态性是指同一个接口或方法可以有不同的表现形式。简单来说，就是同一个名字的方法在不同的类中有不同的实现，但对外部程序而言，这些方法看起来是一样的。

#### 关键点
1. **统一接口**：多个相关的类可以共享相同的接口。
2. **不同的实现**：这些类的具体实现可以不同。
3. **动态绑定**：在运行时确定具体的方法实现。

### 抽象与实现
#### 抽象基类
在OOP中，我们通常通过定义一个抽象基类来实现多态性。这个基类定义了一组方法签名，但不提供具体实现。子类需要实现这些方法。

#### 具体实现
子类继承基类并实现基类中的抽象方法，从而提供了具体的行为。

### 代码示例
我们将通过一个简单的Python示例来展示多态性的应用。

#### 步骤分解
1. **定义基类**：定义一个基类 `Shape`，其中包含一个抽象方法 `area`。
2. **创建派生类**：创建两个派生类 `Circle` 和 `Rectangle`，它们分别实现 `area` 方法。
3. **多态应用**：通过一个 `Shape` 类型的列表来存储不同形状的对象，并调用 `area` 方法。

### 示例代码
```python
from abc import ABC, abstractmethod

# 基类 Shape
class Shape(ABC):
    @abstractmethod
    def area(self):
        pass

# 派生类 Circle
class Circle(Shape):
    def __init__(self, radius):
        self.radius = radius
    
    def area(self):
        return 3.14 * (self.radius ** 2)

# 派生类 Rectangle
class Rectangle(Shape):
    def __init__(self, width, height):
        self.width = width
        self.height = height
    
    def area(self):
        return self.width * self.height

# 多态函数
def calculate_area(shape: Shape):
    print(f""The area is {shape.area()}"")

# 创建对象
circle = Circle(radius=5)
rectangle = Rectangle(width=4, height=6)

# 调用多态函数
calculate_area(circle)  # 输出 ""The area is 78.5""
calculate_area(rectangle)  # 输出 ""The area is 24""
```

### 解释
1. **定义基类 `Shape`**：
   - `Shape` 继承自 `ABC` 并定义了 `area` 方法为抽象方法。这意味着所有继承自 `Shape` 的类必须实现 `area` 方法。

2. **创建派生类 `Circle` 和 `Rectangle`**：
   - `Circle` 类实现了 `area` 方法，计算圆的面积。
   - `Rectangle` 类实现了 `area` 方法，计算矩形的面积。

3. **多态函数 `calculate_area`**：
   - `calculate_area` 接受一个 `Shape` 类型的参数，并调用其 `area` 方法。由于多态性，它可以处理不同类型的 `Shape` 对象。

### 总结
多态性使我们能够编写更通用的代码，减少重复代码，并提高系统的灵活性和可维护性。通过基类和抽象方法，我们可以定义一组标准的操作，而具体的行为则由子类来实现。

希望这个详细的解释对你有所帮助！如果还有其他问题或需要进一步的例子，请随时告诉我。",38.03772306442261,1853,183,True,True,3.66,0.8
2,What is polymorphism in OOP?,oop,medium,few_shot,"好的，让我们参考之前的示例来解释多态性（Polymorphism）的概念。

**问题：What is polymorphism in OOP?**

**回答：**

多态性是面向对象编程（Object-Oriented Programming, OOP）的一个重要特性，它指的是同一操作作用于不同的对象时表现出不同的行为。简单来说，就是使用相同的接口来表示不同的形式或类型。

### 概念解释

#### 多态性的基本思想
- **统一接口**：通过定义一个公共的接口或方法，使得不同的类可以以相同的方式被调用。
- **灵活扩展**：允许在不修改原有代码的基础上添加新的功能。

#### 为什么需要多态性
- 提高代码的灵活性和可维护性。
- 实现代码复用，减少冗余代码。
- 简化复杂逻辑，使程序更易于理解和维护。

### 示例解释

#### 编译时多态（函数重载）
在编译时确定调用哪个函数版本的情况被称为编译时多态。这是通过函数重载（function overloading）实现的。

```cpp
#include <iostream>

// 定义一个重载的加法运算符
int add(int a, int b) {
    return a + b;
}

double add(double a, double b) {
    return a + b;
}

int main() {
    std::cout << add(3, 5) << std::endl;   // 调用整数版本的add
    std::cout << add(3.5, 4.2) << std::endl; // 调用浮点数版本的add
    return 0;
}
```

#### 运行时多态（虚拟函数）
在运行时确定调用哪个函数版本的情况被称为运行时多态。这是通过继承和虚函数（virtual functions）实现的。

```cpp
#include <iostream>

class Animal {
public:
    virtual void makeSound() { // 基类中定义虚函数
        std::cout << ""This animal makes no sound."" << std::endl;
    }
};

class Dog : public Animal {
public:
    void makeSound() override { // 子类重写虚函数
        std::cout << ""Woof!"" << std::endl;
    }
};

class Cat : public Animal {
public:
    void makeSound() override { // 子类重写虚函数
        std::cout << ""Meow!"" << std::endl;
    }
};

void animalSound(Animal* animal) { // 接受基类指针
    animal->makeSound();
}

int main() {
    Dog dog;
    Cat cat;

    animalSound(&dog); // 输出: Woof!
    animalSound(&cat); // 输出: Meow!

    return 0;
}
```

### 总结
多态性使得我们在编写代码时能够更加灵活和高效。通过定义统一的接口，不同的类可以在不影响其他部分代码的前提下实现各自的功能。这种设计模式极大地提高了代码的可维护性和扩展性。

希望这个解释对你有所帮助！如果有任何进一步的问题或需要更多的例子，请随时告诉我。",32.68138885498047,1600,181,True,True,3.62,0.8
2,What is polymorphism in OOP?,oop,medium,cot,"好的，让我们按照步骤逐步推理来解释面向对象编程中的多态性（Polymorphism）。

### 1. 多态性的定义是什么？

**定义**：
多态性是指同一个操作或方法在不同的情况下具有不同的实现形式。它允许我们使用相同的接口调用不同的方法实现，从而增强代码的灵活性和可扩展性。

**思考问题**：
- 什么是多态性？
- 为什么说它是面向对象编程的一个重要特性？

---

### 2. 它解决什么问题？

**解决问题**：
多态性主要解决的是如何在不同的情况下使用相同的名字调用不同的方法。具体来说，它解决了以下几个问题：
- 减少代码冗余：避免了为不同的对象编写重复的代码。
- 提高代码的灵活性：允许在运行时根据实际情况动态选择合适的实现。
- 增强代码的可扩展性：更容易地添加新类并实现相应的方法而不影响现有代码。

**思考问题**：
- 没有多态性时，处理多种类型的对象会面临哪些困难？
- 多态性如何帮助我们应对这些困难？

---

### 3. 给出一个简单的代码示例

下面是一个简单的 Python 示例，展示了多态性的工作原理。

```python
from abc import ABC, abstractmethod

# 定义一个抽象基类
class Animal(ABC):
    @abstractmethod
    def sound(self):
        pass

# 定义两个具体的动物类
class Dog(Animal):
    def sound(self):
        return ""Bark!""

class Cat(Animal):
    def sound(self):
        return ""Meow!""

# 定义一个使用多态性的函数
def animal_sound(animal: Animal):
    print(animal.sound())

# 创建动物对象
dog = Dog()
cat = Cat()

# 调用多态性的函数
animal_sound(dog)  # 输出: Bark!
animal_sound(cat)  # 输出: Meow!

# 简单的代码示例总结
# - 定义了一个抽象基类 `Animal`，其中包含一个抽象方法 `sound`。
# - 子类 `Dog` 和 `Cat` 分别实现了 `sound` 方法。
# - 函数 `animal_sound` 接收一个 `Animal` 对象作为参数，并调用其 `sound` 方法。
# - 不同的子类对象传递给同一个函数，但在运行时根据实际对象的不同调用了相应的实现。
```

### 4. 总结关键要点

**关键要点**：
- **多态性**：同一个操作或方法在不同的上下文中有不同的实现形式。
- **减少冗余**：避免为不同类型的对象编写重复的代码。
- **提高灵活性**：允许在运行时动态选择合适的实现。
- **增强可扩展性**：容易添加新类并实现相应的方法。

通过上述分析，你可以清楚地看到多态性在面向对象编程中的重要作用及其带来的优势。希望这个逐步推理的过程能帮助你更好地理解多态性。如果有任何进一步的问题或需要更多的示例，请随时提问！",31.706629991531372,1382,129,True,True,2.58,0.8
3,Explain what decorators are in Python,python_basics,hard,zero_shot,"当然，我会详细解释Python中的装饰器。装饰器是Python中一种非常强大且灵活的语法特性，允许你在不修改原有函数代码的情况下为其添加额外的功能。

### 概念解释
装饰器本质上是一个函数，它接受一个函数作为参数，并返回一个新的函数。这个新的函数可以包含一些额外的操作，如日志记录、性能测量、权限验证等。

### 结构与工作原理
1. **装饰器的基本结构**：
   - 装饰器函数接收一个函数作为参数。
   - 在装饰器函数内部，定义一个内部函数（通常是 `wrapper` 函数）。
   - 内部函数可以调用原函数，并在其前后添加额外的功能。
   - 最终返回内部函数。

2. **装饰器的应用**：
   - 使用 `@decorator_name` 的语法将装饰器应用到目标函数上。
   - 目标函数会在被装饰时自动替换为装饰器返回的新函数。

### 具体示例
我们通过几个具体的例子来详细解释装饰器的使用方法。

#### 示例 1：基础装饰器
首先，我们来看一个最简单的装饰器，它只是在函数前后打印一些消息。

```python
def my_decorator(func):
    def wrapper():
        print(""Something is happening before the function is called."")
        func()
        print(""Something is happening after the function is called."")
    return wrapper

@my_decorator
def say_hello():
    print(""Hello!"")

# 调用函数
say_hello()
```

**解析**：
- `my_decorator` 接收一个函数 `func` 并返回一个新的函数 `wrapper`。
- `wrapper` 函数在调用 `func` 之前和之后分别打印一些消息。
- 当我们调用 `say_hello()` 时，实际上是调用 `my_decorator(say_hello)` 返回的 `wrapper` 函数。

**输出**：
```
Something is happening before the function is called.
Hello!
Something is happening after the function is called.
```

#### 示例 2：带参数的装饰器
有时候我们需要装饰器接收参数。这时可以使用闭包来解决这个问题。

```python
def repeat(num_times):
    def decorator_repeat(func):
        def wrapper(*args, **kwargs):
            for _ in range(num_times):
                result = func(*args, **kwargs)
            return result
        return wrapper
    return decorator_repeat

@repeat(num_times=3)
def greet(name):
    print(f""Hello, {name}!"")

# 调用函数
greet(""Alice"")
```

**解析**：
- `repeat` 函数接收一个参数 `num_times`，并在返回的装饰器 `decorator_repeat` 中使用。
- `decorator_repeat` 接收一个函数 `func` 并返回一个新的函数 `wrapper`。
- `wrapper` 函数会在每次调用原函数 `greet` 之前和之后添加额外的操作。
- 当我们调用 `greet(""Alice"")` 时，实际上是在调用 `decorator_repeat(greet)(""Alice"")` 返回的 `wrapper` 函数，这个函数会重复调用 `greet` 三次。

**输出**：
```
Hello, Alice!
Hello, Alice!
Hello, Alice!
```

### 实际应用场景
1. **日志记录**：
   ```python
   import logging
   
   def log_function_call(func):
       def wrapper(*args, **kwargs):
           logging.info(f""Calling function: {func.__name__}"")
           result = func(*args, **kwargs)
           logging.info(f""Function returned: {result}"")
           return result
       return wrapper
   
   @log_function_call
   def add(a, b):
       return a + b
   
   add(5, 3)
   ```

2. **性能测量**：
   ```python
   import time
   
   def measure_time(func):
       def wrapper(*args, **kwargs):
           start_time = time.time()
           result = func(*args, **kwargs)
           end_time = time.time()
           print(f""{func.__name__} took {end_time - start_time:.4f} seconds to execute"")
           return result
       return wrapper
   
   @measure_time
   def slow_function(n):
       total = 0
       for i in range(n):
           total += i
       return total
   
   slow_function(1_000_000)
   ```

### 总结
通过上述解释和示例，你应该已经对Python中的装饰器有了全面的理解。装饰器不仅使代码更加简洁和可维护，还能有效地实现各种复杂的操作。希望这些内容对你有帮助！

如果你有任何进一步的问题或需要深入探讨某一方面，请随时告诉我。",47.3699951171875,2912,267,True,True,5.0,0.8
3,Explain what decorators are in Python,python_basics,hard,few_shot,"当然，让我们按照你提供的示例格式来解释Python中的装饰器。

### 什么是装饰器？

装饰器是一种高级特性，可以在不修改原有函数代码的情况下为其添加新的功能。装饰器本质上是一个函数，它接受一个函数作为参数，并返回一个新的函数，这个新函数通常会在调用原函数之前或之后添加额外的操作。

你可以把装饰器想象成一个魔术师，他能在不改变原函数代码的前提下，给原函数穿上一件“魔法斗篷”，让原函数具备更多能力。

### 概念解析

#### 1. 基本概念
- **装饰器**：一个接收函数作为参数并返回新函数的函数。
- **被装饰的函数**：需要被增强的函数。
- **包装函数（wrapper）**：装饰器返回的新函数，通常会包含对被装饰函数的调用以及额外的操作。

#### 2. 实现步骤
1. **定义一个普通的函数**
2. **定义一个装饰器函数**
3. **应用装饰器**

### 示例代码

#### 步骤1：定义一个普通的函数
```python
def original_function():
    print(""This is the original function."")
```

#### 步骤2：定义一个装饰器函数
```python
def decorator_function(original_func):
    def wrapper():
        print(""Something is happening before the function is called."")
        original_func()
        print(""Something is happening after the function is called."")
    return wrapper
```

#### 步骤3：应用装饰器
```python
@decorator_function
def original_function():
    print(""This is the original function."")
```

### 完整代码
```python
def decorator_function(original_func):
    def wrapper():
        print(""Something is happening before the function is called."")
        original_func()
        print(""Something is happening after the function is called."")
    return wrapper

@decorator_function
def original_function():
    print(""This is the original function."")

# 调用函数
original_function()
```

### 运行结果
当你运行上述代码时，输出将会是：
```
Something is happening before the function is called.
This is the original function.
Something is happening after the function is called.
```

### 解释
1. **装饰器函数** `decorator_function` 接受一个参数 `original_func`，这是你要装饰的目标函数。
2. **包装函数** `wrapper` 是装饰器的核心部分，它在调用 `original_func()` 之前和之后分别添加了自己的逻辑。
3. **@decorator_function** 这个语法糖是用来告诉Python编译器，`original_function` 应该由 `decorator_function` 装饰。

### 为什么这样设计？

通过这种方式设计装饰器，可以灵活地给任何函数添加功能，而不需要修改函数本身。这使得代码更加模块化、可维护性更强，并且可以复用相同的装饰器逻辑应用于多个不同的函数。

### 总结
装饰器是Python中非常强大且实用的一个工具。它允许我们在不修改源代码的情况下扩展已有功能，非常适合处理日志记录、性能监控等通用需求。希望这个解释对你有所帮助！如果有任何进一步的问题或需要更深入的学习材料，请随时告诉我。",33.331417083740234,1923,166,True,True,3.32,0.8
3,Explain what decorators are in Python,python_basics,hard,cot,"好的，让我们按照指定的步骤来详细解释Python中的装饰器。

### 1. 首先，这个概念的定义是什么？

装饰器（Decorator）是Python中一种特殊类型的函数，它能够修改或增强其他函数的功能，而无需直接修改这些函数的源代码。装饰器本身也是一个函数，它接受一个函数作为参数，并返回一个新的函数。装饰器通常用于在不修改原函数代码的情况下，为其添加额外的功能，如日志记录、性能监控、权限检查等。

### 2. 它解决什么问题？

装饰器主要用于以下几个方面：
- **代码复用**：通过将通用功能封装在装饰器中，可以减少重复代码，使代码更简洁、易读。
- **模块化设计**：装饰器有助于分离关注点，使得代码更具模块化和可重用性。
- **动态增强**：可以在运行时动态地为函数添加新功能，而不影响原有的功能逻辑。

### 3. 给出一个简单的代码示例

下面是一个简单的装饰器示例，用于在函数执行前和执行后分别打印一条消息：

```python
# 定义装饰器
def my_decorator(func):
    def wrapper():
        print(""Something is happening before the function is called."")
        func()  # 调用原函数
        print(""Something is happening after the function is called."")
    return wrapper

# 使用装饰器装饰函数
@my_decorator
def say_hello():
    print(""Hello!"")

# 调用带装饰器的函数
say_hello()
```

在这个例子中：
- `my_decorator` 是一个装饰器函数，它接受一个函数 `func` 作为参数。
- `wrapper` 是装饰器返回的新函数，它在调用原函数之前和之后添加了额外的操作。
- `@my_decorator` 是装饰器的应用方式，表示 `say_hello` 函数会被 `my_decorator` 装饰。

### 4. 总结关键要点

- **装饰器的基本形式**：装饰器是一个接受函数作为参数的函数，并返回一个新的函数。
- **装饰器的作用**：装饰器可以动态地为函数添加额外的功能，而不需要修改原函数的代码。
- **装饰器的语法**：使用 `@decorator_name` 语法糖可以直接在函数定义上方应用装饰器。
- **装饰器的工作流程**：当装饰器应用于某个函数时，实际上是对函数进行了替换，由装饰器返回的新函数代替原函数被执行。

通过这些步骤和示例，你应该已经全面了解了Python中的装饰器及其基本用法。如果你有任何进一步的问题或需要更多练习，请随时告诉我！",27.93381643295288,1215,87,True,True,1.74,0.8
4,What are time complexity and space complexity?,algorithms,easy,zero_shot,"当然，我很乐意为你详细解释时间复杂度和空间复杂度的概念。

### 时间复杂度 (Time Complexity)

时间复杂度用来衡量一个算法执行所需的时间。它是算法运行时间与输入数据规模之间关系的数学表达式。时间复杂度主要关注的是算法运行时间随输入规模增大时的变化趋势。

#### 常见的时间复杂度表示法：
- **O(1)**：常数时间复杂度。算法的执行时间不随输入规模的变化而变化。
- **O(n)**：线性时间复杂度。算法的执行时间与输入规模成线性关系。
- **O(log n)**：对数时间复杂度。算法的执行时间与输入规模的对数值成正比。
- **O(n log n)**：线性对数时间复杂度。常见的排序算法如快速排序和归并排序属于此类。
- **O(n^2)**：二次时间复杂度。常见的排序算法如冒泡排序和插入排序属于此类。
- **O(2^n)**：指数时间复杂度。这类算法的执行时间迅速增长，通常难以处理大规模的数据。

#### 计算步骤：
1. **确定基本操作**：找出算法中最耗时的基本操作。
2. **忽略低阶项和系数**：保留最高阶项作为时间复杂度的主要表示形式。
3. **分析不同情况**：考虑最好、最坏和平均情况下的时间复杂度。

#### 示例：
假设我们有一个数组 `arr`，我们需要找到其中的最大值。这里有两种不同的实现方法：

1. **逐个比较的方法**：
   ```python
   def find_max(arr):
       max_val = arr[0]
       for i in range(1, len(arr)):
           if arr[i] > max_val:
               max_val = arr[i]
       return max_val
   ```
   - **基本操作**：比较和赋值操作。
   - **时间复杂度**：\(O(n)\)，因为需要遍历整个数组一次。

2. **排序后取最大值的方法**：
   ```python
   def find_max_sort(arr):
       sorted_arr = sorted(arr)
       return sorted_arr[-1]
   ```
   - **基本操作**：排序操作。
   - **时间复杂度**：取决于所使用的排序算法。例如，使用快速排序时，时间复杂度为 \(O(n \log n)\)。

### 空间复杂度 (Space Complexity)

空间复杂度用来衡量一个算法在执行过程中所使用的额外内存空间的大小。它不仅包括算法本身所需的存储空间，还包括递归调用栈和其他动态分配的存储空间。

#### 常见的空间复杂度表示法：
- **O(1)**：常数空间复杂度。算法使用的额外空间不随输入规模变化而变化。
- **O(n)**：线性空间复杂度。算法使用的额外空间与输入规模成线性关系。
- **O(log n)**：对数空间复杂度。算法使用的额外空间与输入规模的对数值成正比。
- **O(n^2)**：二次空间复杂度。算法使用的额外空间与输入规模的平方成正比。

#### 计算步骤：
1. **确定额外空间需求**：统计算法中用于存储数据的变量、数组等所需的空间。
2. **忽略输入参数占用的空间**：输入参数占用的空间不算作额外空间。
3. **分析不同情况**：考虑最好、最坏和平均情况下的空间复杂度。

#### 示例：
继续上面的例子：

1. **直接计算的函数**：
   ```python
   def find_max(arr):
       max_val = arr[0]
       for i in range(1, len(arr)):
           if arr[i] > max_val:
               max_val = arr[i]
       return max_val
   ```
   - **额外空间需求**：只有几个常量级的变量。
   - **空间复杂度**：\(O(1)\)。

2. **递归求和的函数**：
   ```python
   def recursive_sum(arr):
       if len(arr) == 1:
           return arr[0]
       else:
           return arr[0] + recursive_sum(arr[1:])
   ```
   - **额外空间需求**：递归调用栈的深度取决于输入数组的长度。
   - **空间复杂度**：\(O(n)\)。

### 实际应用
理解时间复杂度和空间复杂度可以帮助我们在实际开发中做出更好的决策。例如，在处理大数据集时，我们可能会优先选择时间复杂度较低且空间复杂度适中的算法；而在某些实时系统中，则可能更加重视空间复杂度较小的解决方案。

希望以上内容能帮助你更好地理解和掌握时间复杂度和空间复杂度的概念。如果有任何进一步的问题或需要深入探讨某个具体场景，请随时提问！",47.96985960006714,2176,159,True,True,3.18,0.4
4,What are time complexity and space complexity?,algorithms,easy,few_shot,"当然，我会按照你的要求来详细解释时间复杂度和空间复杂度，并提供相应的代码示例。

### 时间复杂度
时间复杂度是用来衡量算法执行所需时间的一个指标。它主要关注算法随输入规模增长时的表现。时间复杂度通常表示为大O符号（O）的形式。

#### 概念解释
时间复杂度反映了算法执行的基本操作次数如何随着输入数据大小的变化而变化。例如，如果一个算法对一个包含 `n` 个元素的数组进行线性搜索，那么最坏情况下的基本操作次数是 `n`。因此，这种算法的时间复杂度是 O(n)。

#### 示例代码
假设我们要编写一个函数来查找一个整数列表中是否存在某个特定的数字。这里有两个不同的实现方式，我们将分别计算它们的时间复杂度。

```python
# 方法一：线性搜索 (Time Complexity: O(n))
def linear_search(arr, target):
    for i in range(len(arr)):
        if arr[i] == target:
            return True
    return False

# 方法二：二分搜索 (Time Complexity: O(log n))
def binary_search(arr, target):
    left, right = 0, len(arr) - 1
    while left <= right:
        mid = (left + right) // 2
        if arr[mid] == target:
            return True
        elif arr[mid] < target:
            left = mid + 1
        else:
            right = mid - 1
    return False
```

- **方法一** 使用线性搜索，对于每个元素都要进行一次比较。因此，最坏情况下需要 `n` 次比较，时间复杂度是 O(n)。
- **方法二** 使用二分搜索，在每次迭代中都将搜索范围减半。因此，最坏情况下需要 `log_2(n)` 次比较，时间复杂度是 O(log n)。

### 空间复杂度
空间复杂度是用来衡量算法执行时所需额外存储空间的一个指标。它关注的是除了输入数据以外，算法还需要多少额外的空间。

#### 概念解释
空间复杂度主要考虑的是算法执行过程中使用的辅助数据结构和变量等的存储需求。例如，一个算法可能需要一个额外的栈或者队列来进行某些操作，这些都会影响到空间复杂度。

#### 示例代码
同样以查找特定数字为例，我们需要看看不同方法的空间复杂度。

```python
# 方法一：线性搜索 (Space Complexity: O(1))
def linear_search(arr, target):
    for i in range(len(arr)):
        if arr[i] == target:
            return True
    return False

# 方法二：二分搜索 (Space Complexity: O(1))
def binary_search(arr, target):
    left, right = 0, len(arr) - 1
    while left <= right:
        mid = (left + right) // 2
        if arr[mid] == target:
            return True
        elif arr[mid] < target:
            left = mid + 1
        else:
            right = mid - 1
    return False
```

- **方法一** 和 **方法二** 都没有使用任何额外的数据结构，只使用了一些基本的变量（如 `i`, `left`, `right`），因此它们的空间复杂度都是 O(1)。

### 总结
- **时间复杂度** 描述了算法执行所需的时间，通常用大O符号表示。
- **空间复杂度** 描述了算法执行所需额外的存储空间，通常也用大O符号表示。

希望这样详细的解释和代码示例能帮助你更好地理解时间复杂度和空间复杂度。如果有进一步的问题或需要更多练习，请告诉我！",37.93994212150574,1922,197,True,False,3.94,0.8
4,What are time complexity and space complexity?,algorithms,easy,cot,"好的，我们按照给定的步骤来详细解释时间复杂度和空间复杂度的概念。

### 1. 这个概念的定义是什么？

#### 时间复杂度
- **定义**：衡量算法执行所需的时间，通常根据输入数据的规模来描述算法运行时间的增长趋势。
- **表示方法**：常用大O符号（\(O\)）表示，例如 \(O(n)\), \(O(\log n)\), \(O(n^2)\) 等。

#### 空间复杂度
- **定义**：衡量算法执行时所占用的内存空间，主要考虑算法运行过程中的辅助空间需求。
- **表示方法**：同样使用大O符号（\(O\)）表示，例如 \(O(1)\), \(O(n)\), \(O(\log n)\) 等。

### 2. 它解决什么问题？

- **时间复杂度**：
  - 帮助我们预测算法在大数据集上的执行速度。
  - 评估不同算法之间的效率差异，从而选择最优算法。
  
- **空间复杂度**：
  - 评估算法在运行过程中所需的内存空间。
  - 判断算法是否适用于特定硬件环境。

### 3. 给出一个简单的代码示例

假设我们需要编写一个函数来查找数组中的最大值。

```python
def find_max(arr):
    # 初始化最大值为数组的第一个元素
    max_val = arr[0]
    
    # 遍历数组中的每个元素
    for i in range(1, len(arr)):
        if arr[i] > max_val:
            max_val = arr[i]
    
    return max_val
```

#### 分析时间复杂度
- **循环部分**：需要遍历整个数组，遍历次数与数组长度成正比。
- **总时间复杂度**： \(O(n)\)，其中 \(n\) 是数组的长度。

#### 分析空间复杂度
- **辅助空间**：仅使用了一个变量 `max_val` 来保存当前的最大值。
- **总空间复杂度**： \(O(1)\)，表示常数空间。

### 4. 总结关键要点

- **时间复杂度**：
  - 描述算法执行所需的时间。
  - 使用大O符号表示。
  - 通过分析算法的核心操作来确定。
  - 如上例所示，时间复杂度为 \(O(n)\)。

- **空间复杂度**：
  - 描述算法执行所需的空间。
  - 使用大O符号表示。
  - 主要考虑算法运行过程中的辅助空间需求。
  - 如上例所示，空间复杂度为 \(O(1)\)。

总结起来，时间复杂度和空间复杂度是评估算法性能的重要指标。通过分析这两种复杂度，我们可以更好地选择和优化算法，确保程序的高效运行。希望这个解释对你有所帮助！

如果有任何疑问或需要进一步讨论，请随时提问。",30.64953637123108,1191,115,True,True,2.3,1.0
5,What is the difference between for loop and while loop in Python?,control_flow,easy,zero_shot,"在Python中，`for`循环和`while`循环都是用来迭代执行一组语句的控制结构。它们各有适用场景，并且有不同的使用方式。下面我将详细解释这两种循环的区别、如何使用以及何时选择使用。

### 一、概念解释

#### 1. For 循环
- **定义**：`for`循环通常用于遍历序列（如列表、元组、字符串）或其他可迭代对象。
- **语法**：
    ```python
    for variable in iterable:
        # 执行代码块
    ```
- **特点**：
  - `for`循环内部的变量会自动从序列中的每个元素取值。
  - 它隐含地处理了迭代过程中的计数逻辑。
  - 适用于已知迭代次数的情况或需要对特定集合进行操作的场合。

#### 2. While 循环
- **定义**：`while`循环会在指定条件为真时重复执行代码块。
- **语法**：
    ```python
    while condition:
        # 执行代码块
    ```
- **特点**：
  - `while`循环依赖于外部设定的条件来决定是否继续循环。
  - 需要手动管理循环的终止条件，否则可能导致无限循环。
  - 更适合不确定执行次数的情况下使用。

### 二、代码示例与比较

#### 使用 `for` 循环的例子
```python
# 列表中的数字累加
numbers = [1, 2, 3, 4, 5]
total = 0
for num in numbers:
    total += num
print(total)  # 输出结果是15
```

#### 使用 `while` 循环的例子
```python
# 计算某个数字n到1的乘积
n = 5
product = 1
i = n
while i > 0:
    product *= i
    i -= 1
print(product)  # 输出结果是120 (5*4*3*2*1)
```

### 三、实际应用建议

- 当你需要遍历一个已知长度的数据集时，使用`for`循环更为简洁高效。
- 对于那些需要基于某种条件反复执行操作直到满足某些退出条件的情况，`while`循环更合适。

### 四、总结
理解何时使用哪种类型的循环对于编写清晰、高效的代码至关重要。通过熟悉两种循环的工作原理及其各自的优点，你可以更好地根据具体需求选择最合适的工具。希望这些信息能帮助你加深对这两种循环的理解！如果有任何疑问或想要了解更多的编程技巧，请随时提问。",27.199665546417236,1108,119,True,True,2.38,0.8
5,What is the difference between for loop and while loop in Python?,control_flow,easy,few_shot,"### 什么是 for 循环和 while 循环？

在Python中，`for`循环和`while`循环都是用来实现代码块多次执行的功能。它们各自有不同的应用场景和使用方式。接下来我们详细了解一下这两个循环的区别，并通过具体的例子进行说明。

#### 概念解释

**For 循环**
- `for`循环主要用于遍历序列（如列表、元组等）或其他可迭代对象。
- 它会在每次迭代时自动处理下一个元素或索引。
- 这种类型的循环通常用于已知迭代次数的情况或者需要对序列中的每一个元素进行操作的时候。

**While 循环**
- `while`循环则是根据某个条件是否为真来决定是否继续执行循环体内的代码。
- 在每次执行之前都会检查这个条件；如果条件仍然满足，则继续执行循环，直到条件不再满足为止。
- 这种类型的循环更适合于不确定要执行多少次的情况，只要满足给定的条件就可以无限次地执行下去。

#### 代码示例

##### For 循环的例子
```python
# 遍历一个列表并打印每个元素
fruits = ['apple', 'banana', 'cherry']
for fruit in fruits:
    print(fruit)
```
在这个例子中，`for`循环会依次访问`fruits`列表中的每个元素，并将其赋值给`fruit`变量。然后执行循环体内的代码（即打印该水果名称）。

##### While 循环的例子
```python
# 计数器从1开始递增，直到达到某个阈值停止
count = 1
while count < 6:
    print(count)
    count += 1
```
这段代码将输出数字1到5。`while`循环首先检查计数器`count`是否小于6。如果是，则执行循环体内的语句（打印当前计数值），并且增加计数器的值。当计数器大于等于6时，条件不成立，循环结束。

#### 实践技巧
- 使用`for`循环时，确保你知道迭代的对象是什么类型，并且其长度或内容不会改变。
- 使用`while`循环时，请小心避免陷入死循环（无限循环）。始终确保有一个机制能够最终使循环终止。
- 根据实际需求选择合适的循环类型，可以使代码更加清晰易懂和高效。

通过这些解释和示例，希望你能够更好地理解Python中的`for`循环与`while`循环之间的区别以及如何正确地运用它们。如果你有任何疑问或想要进一步探讨相关话题，请随时提问！",26.55838418006897,1054,73,True,False,1.46,0.4
5,What is the difference between for loop and while loop in Python?,control_flow,easy,cot,"### 逐步推理：for循环和while循环的区别

#### 1. 概念定义
- **for循环**：是一种迭代循环结构，用于遍历序列（如列表、元组、字符串）或其他可迭代对象。它会自动处理计数器和迭代过程。
- **while循环**：是一种条件循环结构，只要指定的条件为真，就会重复执行一段代码。

#### 2. 解决的问题
- **for循环** 主要用来对已知数量或范围内的元素进行操作，适用于需要固定次数迭代的情况。
- **while循环** 更适合当具体迭代次数未知时使用，可以更灵活地根据条件判断是否继续执行循环体内的代码。

#### 3. 简单代码示例

##### 使用for循环
```python
# 打印0到9的所有整数
numbers = [0, 1, 2, 3, 4, 5, 6, 7, 8, 9]
for number in numbers:
    print(number)
```

##### 使用while循环
```python
# 同样打印0到9的所有整数
number = 0
while number < 10:
    print(number)
    number += 1
```

#### 4. 关键要点总结
- **for循环**：
  - 自动管理循环变量，无需显式增加或减少。
  - 常见于已知迭代次数或序列元素的场景。
  - 语法简洁清晰，易于理解。

- **while循环**：
  - 可以在不明确知道迭代次数的情况下使用。
  - 需要手动控制循环终止条件及循环变量的变化。
  - 当逻辑复杂或者不确定循环次数时更为灵活。

通过这两个例子可以看出，选择合适的循环类型可以使程序更加直观且易于维护。在实际开发中应根据具体情况合理选择使用 `for` 或者 `while` 循环。",20.969400882720947,783,85,True,True,1.7,0.6
6,How do you handle exceptions in Python?,python_basics,easy,zero_shot,"在Python中处理异常是确保程序健壮性和稳定性的重要手段。通过使用try-except语句，我们可以捕获并处理运行时错误，从而避免程序意外终止。接下来，我将详细解释如何在Python中处理异常，并提供相关代码示例。

### 1. 异常的概念与分类

**异常**是在程序执行过程中发生的非正常情况，比如除以零、文件不存在等。Python中的异常分为两大类：
- **内置异常**（如ZeroDivisionError, FileNotFoundError）。
- **用户自定义异常**（可以自己定义新的异常类型）。

### 2. 使用 try-except 块来捕获和处理异常

#### 捕获单一类型的异常

```python
def divide(a, b):
    try:
        result = a / b
        print(f""The result is {result}"")
    except ZeroDivisionError as e:
        print(""Error:"", e)

divide(10, 0)  # 将会捕获到 ZeroDivisionError 并打印出相应的错误信息
```

在这个例子中，我们尝试执行一个可能引发 `ZeroDivisionError` 的操作。如果发生这样的错误，程序不会立即崩溃；而是进入 `except` 子句部分继续执行，这里我们简单地输出了错误信息。

#### 处理多种异常

有时我们需要处理多个不同类型的异常：

```python
def read_file(filename):
    try:
        with open(filename, 'r') as file:
            content = file.read()
            print(content)
    except FileNotFoundError:
        print(""The specified file does not exist."")
    except PermissionError:
        print(""Permission denied to access the file."")

read_file(""example.txt"")  # 如果文件不存在或没有读取权限，则分别捕获对应的异常
```

这段代码展示了如何在一个 `try` 块内同时捕获两种不同的异常。这样做的好处是可以针对每种异常给出具体的反馈信息。

#### 使用 else 和 finally 子句

`else` 子句会在没有发生任何异常的情况下执行，而 `finally` 子句无论是否发生异常都会被执行，通常用来释放资源或者关闭文件等操作：

```python
def safe_divide(a, b):
    try:
        result = a / b
    except ZeroDivisionError:
        return None
    else:
        return result
    finally:
        print(""Operation completed."")

print(safe_divide(10, 2))  # 正常情况下返回结果并打印完成信息
print(safe_divide(10, 0))  # 出现异常后直接返回 None，但仍然会打印完成信息
```

这里的 `else` 子句用于处理成功的情况，而 `finally` 子句保证了无论成功还是失败，最后的清理工作都能得到执行。

### 实践建议

- 在编写复杂的逻辑时，请务必添加适当的异常处理机制。
- 根据具体需求选择合适的异常类型进行捕获。
- 使用 `logging` 模块记录详细的错误日志，以便后续分析问题原因。

希望以上内容能帮助你更好地理解和应用Python中的异常处理机制！如果你有任何进一步的问题或需要更多实例练习，请随时提问。",32.44827651977539,1733,144,True,True,2.88,0.8
6,How do you handle exceptions in Python?,python_basics,easy,few_shot,"### 如何在Python中处理异常？

#### 概念解释
在编程中，错误或异常是指程序运行过程中遇到的问题，这些问题可能阻止程序正常完成任务。在Python中，异常处理机制允许我们捕获并处理这些异常情况，从而使得程序更加健壮和用户友好。

#### 异常处理的基本结构
Python提供了`try`, `except`, 和可选的`else`和`finally`语句来实现异常处理。

- **try**: 包含你希望监控的代码。
- **except**: 如果发生指定类型的异常，则执行此部分代码。可以包含多个`except`块来处理不同类型的异常。
- **else**: 可选部分，在没有任何异常的情况下执行。
- **finally**: 可选部分，无论是否发生异常都会执行。

#### 示例代码
下面是一个简单的例子，演示如何使用`try-except`来捕获并处理可能发生的`ZeroDivisionError`。

```python
def divide(a, b):
    try:
        # 尝试进行除法运算
        result = a / b
    except ZeroDivisionError as e:
        # 捕获零除错误
        print(f""错误类型：{type(e).__name__}"")
        print(""尝试除以零！"")
    else:
        # 没有异常时执行这部分代码
        print(f""{a} / {b} = {result}"")
    finally:
        # 总会执行的部分
        print(""这是 finally 块，无论如何都会执行。"")

# 测试函数
divide(10, 2)  # 正常情况
divide(10, 0)  # 抛出 ZeroDivisionError
```

**输出结果**
```
10 / 2 = 5.0
这是 finally 块，无论如何都会执行。
错误类型：ZeroDivisionError
尝试除以零！
这是 finally 块，无论如何都会执行。
```

#### 实践建议
1. **合理使用异常处理**：不要滥用异常处理来控制程序流程，只用于真正需要处理意外情况的地方。
2. **避免捕获通用异常**：除非非常必要，否则尽量不要使用`except Exception`这样的通用异常处理方式，因为它可能会掩盖更具体的错误信息。
3. **记录异常信息**：在生产环境中，应该记录异常详细信息，以便于调试和维护。

通过这种方式，你的程序不仅能够优雅地处理错误，还能保持良好的用户体验。",25.875461101531982,1156,97,True,True,1.94,0.4
6,How do you handle exceptions in Python?,python_basics,easy,cot,"### 如何在Python中处理异常

#### 1. 概念定义
**异常（Exception）**是指程序执行过程中出现的错误或意外情况。这些错误可能是由语法错误、逻辑错误或其他运行时错误引起的。Python通过异常机制来捕获和处理这些错误，从而使得程序更加健壮，能够优雅地应对各种预期之外的情况。

#### 2. 解决的问题
- **提高程序稳定性**：当发生异常时，程序可以避免崩溃，并给出适当的响应。
- **提供用户友好的错误信息**：可以通过异常消息向用户提供清晰的信息，帮助他们理解并修正问题。
- **保持程序流程的连续性**：异常处理允许程序从错误状态恢复，继续执行后续代码而不中断整个程序。

#### 3. 简单的代码示例
下面是一个简单的例子，展示了如何使用`try-except`块来捕获和处理除数为零的异常：

```python
def divide(a, b):
    try:
        result = a / b
    except ZeroDivisionError as e:
        print(""Error:"", e)
        return None
    else:
        # 如果没有异常，则执行这里的代码
        print(f""The result is {result}"")
        return result

# 调用函数
divide(10, 2)   # 正常情况
divide(10, 0)   # 异常情况
```

在这个例子中：
- `try` 块包含可能会引发异常的代码。
- `except` 块用来捕获特定类型的异常（这里是 `ZeroDivisionError`）。如果该类型异常被抛出，那么执行相应的代码块。
- `else` 块是可选的，只有在没有异常的情况下才会被执行。

#### 4. 关键要点总结
- **使用 `try` 块包裹可能出错的代码**。
- **使用 `except` 子句捕获特定类型的异常**。
- **利用 `else` 子句处理无异常情况下的代码**。
- **详细记录异常信息**，以便更好地理解和解决问题。
- **合理设计异常处理逻辑**，确保异常不会导致程序无意义地退出，同时也要保证程序能够在不破坏其他部分的前提下恢复操作。

通过这种方式，你可以有效地管理你的Python程序中的异常，使它们更加稳定可靠。希望这些内容对你有所帮助！如果你有更多关于异常处理或者其他相关主题的问题，请随时提问。",25.658288955688477,1087,88,True,True,1.76,0.6
7,Explain the principle of binary search algorithm,algorithms,medium,zero_shot,"当然，很高兴为你详细解释二分查找算法的基本原理和实现步骤。二分查找是一种高效的查找算法，在有序数组中查找特定元素。

### 二分查找的原理与步骤

#### 概念介绍
**二分查找**（Binary Search）也称为折半查找，是在一个有序序列（列表或数组）中快速定位目标值的一种搜索方法。它的基本思想是通过将数据集不断分割成两部分来缩小查找范围，从而提高效率。

#### 算法流程
1. **初始化**：首先确定要查找的目标值，并设置两个指针 `left` 和 `right` 分别指向数组的起始位置（0索引）和结束位置（最后一个元素的位置）。
2. **循环条件**：只要 `left` 小于等于 `right`，就继续执行以下步骤。
3. **计算中间点**：找到当前区间的中间位置 `mid = (left + right) // 2`。
4. **比较中间值**：
   - 如果中间值 `nums[mid]` 等于目标值，则返回 `mid` 作为结果。
   - 如果中间值大于目标值，则说明目标值在左半区间内，更新右边界为 `mid-1`。
   - 否则，说明目标值在右半区间内，更新左边界为 `mid+1`。
5. **未找到目标值**：如果遍历完整个数组都没有找到目标值，那么返回 `-1` 表示目标值不在数组中。

### 实现代码示例
下面是一个使用 Python 编写的二分查找函数：

```python
def binary_search(nums, target):
    """"""
    在排序好的数组 nums 中查找目标值 target 的索引。
    
    :param nums: 排序好的整数列表
    :param target: 要查找的目标值
    :return: 目标值所在索引；如果没有找到，返回 -1
    """"""
    left, right = 0, len(nums) - 1
    
    while left <= right:
        mid = (left + right) // 2
        
        if nums[mid] == target:
            return mid  # 找到目标值，返回其索引
        elif nums[mid] < target:
            left = mid + 1  # 更新左边界
        else:
            right = mid - 1  # 更新右边界
            
    return -1  # 遍历完数组仍未找到目标值，返回 -1

# 示例用法
sorted_list = [1, 3, 5, 7, 9, 11]
target_value = 7
index = binary_search(sorted_list, target_value)
print(f""目标值 {target_value} 的索引是: {index}"")
```

### 性能分析
- **时间复杂度**：O(log n)，其中 n 是数组长度。每次迭代都将搜索空间减半。
- **空间复杂度**：O(1)，只使用了常数级额外的空间。

### 应用场景
二分查找适用于需要频繁进行查找操作且数据集较大的情况，尤其当数据已经预先排序时。它比线性查找具有更高的效率。

希望这个解释对你理解二分查找有所帮助！如果有任何问题或需要进一步解释的地方，请随时告诉我。",33.99837398529053,1497,157,True,True,3.14,0.4
7,Explain the principle of binary search algorithm,algorithms,medium,few_shot,"### 原理讲解 - 二分查找算法

#### 概念解释
**二分查找（Binary Search）** 是一种在有序数组中查找特定元素的高效算法。它通过将目标值与数组中间位置的元素进行比较来缩小搜索范围，从而实现快速定位。每次迭代都将搜索范围减半，因此效率非常高。

#### 实现原理
1. **初始化**
   - 确定搜索范围：定义两个指针 `left` 和 `right`，分别指向数组的第一个和最后一个元素。
   
2. **条件检查**
   - 如果 `left` 超过 `right`，说明已经没有可搜索的范围，返回 `-1` 表示未找到目标值。
   
3. **计算中间点**
   - 计算中间索引 `mid`：`mid = (left + right) // 2`。
   
4. **比较与调整**
   - 如果中间元素等于目标值，则返回该索引。
   - 如果中间元素小于目标值，则将 `left` 更新为 `mid + 1` 继续搜索右半部分。
   - 如果中间元素大于目标值，则将 `right` 更新为 `mid - 1` 继续搜索左半部分。
   
5. **递归或迭代**
   - 可以使用递归来实现上述过程，也可以使用循环来实现。

#### 代码示例 - 使用循环实现
```python
def binary_search(arr, target):
    left, right = 0, len(arr) - 1
    
    while left <= right:
        mid = (left + right) // 2
        
        if arr[mid] == target:
            return mid  # 找到目标值，返回其索引
        elif arr[mid] < target:
            left = mid + 1  # 在右半部分继续搜索
        else:
            right = mid - 1  # 在左半部分继续搜索
            
    return -1  # 没有找到目标值

# 示例用法
arr = [1, 2, 3, 4, 5, 6, 7, 8, 9]
target = 5
result = binary_search(arr, target)
print(f""Target {target} found at index: {result}"")
```

#### 实践应用
- **场景举例**：在一个大型数据库中快速查找用户信息，或者在一个排序好的文件系统中定位某个文件。
- **优势分析**：相比线性查找，时间复杂度从 O(n) 降低到了 O(log n)，大大提高了查找速度。
- **限制条件**：要求输入数组必须是有序的。

#### 相关话题
- 探讨其他类型的查找算法，如插值查找、斐波那契查找等。
- 分析二分查找的空间复杂度和递归版本的性能表现。
- 学习如何处理非连续区间的数据集合。",30.324962377548218,1315,166,True,True,3.32,0.6
7,Explain the principle of binary search algorithm,algorithms,medium,cot,"### 逐步推理解释二分查找算法

#### 1. 概念定义
**二分查找（Binary Search）** 是一种在有序数组中查找特定元素的高效算法。它通过将搜索区间分成两半的方式进行搜索，每次比较中间值与目标值大小，从而快速定位目标值的位置。

#### 2. 解决的问题
- **问题背景**: 假设有一个已排序的列表或数组。
- **目标**: 在这个有序数据结构中找到给定的目标值。
- **挑战**: 如果直接从头到尾线性查找，时间复杂度为 O(n)；使用二分查找可以显著提高效率，降低到 O(log n)。

#### 3. 简单代码示例
下面是一个使用 Python 实现的二分查找算法的例子：

```python
def binary_search(arr, target):
    """"""
    在已排序的数组 arr 中寻找目标值 target 的索引位置。
    
    参数:
        arr (list): 已排序的数组
        target: 目标值
    
    返回:
        int: 目标值所在的索引位置，如果未找到则返回 -1
    """"""
    left, right = 0, len(arr) - 1  # 初始化左右边界

    while left <= right:
        mid = (left + right) // 2  # 计算中间位置
        
        if arr[mid] == target:  # 找到了目标值
            return mid
        elif arr[mid] < target:  # 目标值在右半部分
            left = mid + 1
        else:  # 目标值在左半部分
            right = mid - 1
            
    return -1  # 未找到目标值

# 示例测试
arr = [1, 3, 5, 7, 9, 11, 13]
target = 7
result = binary_search(arr, target)
print(f""目标值 {target} 在数组中的索引是: {result}"")
```

#### 4. 关键要点总结
- **有序数组**: 二分查找的前提条件之一是数组必须是有序排列的。
- **循环终止条件**: 当 `left` 超过 `right` 时，表示没有找到目标值，此时退出循环并返回 `-1`。
- **中间位置计算**: 使用 `(left + right) // 2` 来计算当前的中间位置，避免整数溢出。
- **范围更新**: 根据中间值与目标值的关系调整搜索范围，不断缩小可能包含目标值的区间。
- **时间复杂度**: 平均情况下，二分查找的时间复杂度为 O(log n)，空间复杂度为 O(1)。

通过以上分析和代码示例，我们可以更清晰地理解二分查找的工作原理及其应用场景。希望这些内容对你有所帮助！如果你还有其他相关问题或者想要深入了解某个具体方面，请随时提问。",30.706658124923706,1348,159,True,True,3.18,0.8
8,Explain the difference between stack and queue,data_structures,easy,zero_shot,"当然，很高兴为您详细解释栈（Stack）和队列（Queue）这两种基本的数据结构之间的区别。

### 1. 概念简介

#### 栈 (Stack)
- **定义**：栈是一种线性数据结构，遵循后进先出（Last In First Out, LIFO）的原则。
- **操作**：
  - `push`：将元素添加到栈的顶部。
  - `pop`：移除并返回栈顶元素。
  - `peek` 或 `top`：查看但不移除栈顶元素。
  - `isEmpty`：检查栈是否为空。
  
#### 队列 (Queue)
- **定义**：队列也是一种线性数据结构，但它遵循先进先出（First In First Out, FIFO）的原则。
- **操作**：
  - `enqueue`：在队尾插入一个新元素。
  - `dequeue`：从队首移除并返回元素。
  - `front` 或 `peek`：查看但不移除队首元素。
  - `isEmpty`：检查队列是否为空。

### 2. 实现示例

我们可以使用Python来实现这两个数据结构的基本版本：

#### 栈 (Stack) 的 Python 实现
```python
class Stack:
    def __init__(self):
        self.items = []
    
    def push(self, item):
        """"""将元素添加到栈顶""""""
        self.items.append(item)
    
    def pop(self):
        """"""移除并返回栈顶元素。如果栈为空，则抛出异常。""""""
        if not self.is_empty():
            return self.items.pop()
        raise IndexError(""pop from an empty stack"")
    
    def peek(self):
        """"""查看但不移除栈顶元素。如果栈为空，则返回None。""""""
        if not self.is_empty():
            return self.items[-1]
        return None
    
    def is_empty(self):
        """"""检查栈是否为空。""""""
        return len(self.items) == 0
    
    def size(self):
        """"""返回栈中元素的数量。""""""
        return len(self.items)

# 示例用法
stack = Stack()
stack.push(1)
stack.push(2)
print(stack.peek())   # 输出: 2
print(stack.pop())    # 输出: 2
```

#### 队列 (Queue) 的 Python 实现
```python
from collections import deque

class Queue:
    def __init__(self):
        self.items = deque()  # 使用双端队列来优化性能
    
    def enqueue(self, item):
        """"""在队尾插入一个新元素。""""""
        self.items.append(item)
    
    def dequeue(self):
        """"""从队首移除并返回元素。如果队列为空，则抛出异常。""""""
        if not self.is_empty():
            return self.items.popleft()
        raise IndexError(""dequeue from an empty queue"")
    
    def front(self):
        """"""查看但不移除队首元素。如果队列为空，则返回None。""""""
        if not self.is_empty():
            return self.items[0]
        return None
    
    def is_empty(self):
        """"""检查队列是否为空。""""""
        return len(self.items) == 0
    
    def size(self):
        """"""返回队列中元素的数量。""""""
        return len(self.items)

# 示例用法
queue = Queue()
queue.enqueue(1)
queue.enqueue(2)
print(queue.front())  # 输出: 1
print(queue.dequeue())  # 输出: 1
```

### 3. 应用场景

- **栈**：通常用于处理需要撤销或回溯的操作，如函数调用、表达式求值、括号匹配等。
- **队列**：适用于需要按顺序处理任务的情况，比如打印机管理任务列表、操作系统中的进程调度等。

通过理解这些差异及其应用案例，您可以更好地选择合适的数据结构来解决实际问题。希望这个详细的解释对您有所帮助！如果您有任何进一步的问题，请随时提问。",39.738096475601196,2351,206,True,True,4.12,0.4
8,Explain the difference between stack and queue,data_structures,easy,few_shot,"### 解释栈和队列的区别

#### 概念解释
**栈（Stack）** 和 **队列（Queue）** 是两种常见的数据结构，它们在计算机科学中有着广泛的应用。这两种数据结构都用于存储一组元素，并提供特定的方式来访问这些元素。但是，它们的工作方式有所不同。

- **栈**：栈是一种遵循“后进先出”(LIFO - Last In First Out)原则的数据结构。这意味着最后添加到栈中的元素将是第一个被移除的元素。
- **队列**：队列则是一种遵循“先进先出”(FIFO - First In First Out)原则的数据结构。也就是说，最先加入队列的元素将是最先被移除的元素。

#### 栈的特点
1. **操作位置**：栈的操作只允许在一端进行，这一端称为栈顶（top）。只有当没有其他元素时才能从另一端取出或放入元素。
2. **基本操作**：
   - `push`：向栈顶添加一个新元素。
   - `pop`：移除并返回栈顶的元素。
   - `peek` 或 `top`：查看但不移除栈顶元素。
   - `isEmpty`：检查栈是否为空。

#### 队列的特点
1. **操作位置**：队列有两个操作端点，前端（front）和后端（rear）。前端用于移除元素，而 rear 用于插入新的元素。
2. **基本操作**：
   - `enqueue`：在队尾（rear）添加一个新的元素。
   - `dequeue`：从队首（front）移除并返回一个元素。
   - `peek` 或 `front`：查看但不移除队首元素。
   - `isEmpty`：检查队列是否为空。

#### 示例代码
下面是一些简单的 Python 代码示例，展示了如何使用这两个数据结构的基本操作。

```python
# 定义栈类
class Stack:
    def __init__(self):
        self.items = []

    def push(self, item):
        # 向栈顶添加一个新元素
        self.items.append(item)

    def pop(self):
        # 移除并返回栈顶的元素
        if not self.is_empty():
            return self.items.pop()
        else:
            raise IndexError(""pop from empty stack"")

    def peek(self):
        # 查看但不移除栈顶元素
        if not self.is_empty():
            return self.items[-1]
        else:
            raise IndexError(""peek from empty stack"")

    def is_empty(self):
        # 检查栈是否为空
        return len(self.items) == 0

# 使用栈的例子
stack = Stack()
stack.push(1)
stack.push(2)
print(stack.peek())  # 输出 2
print(stack.pop())   # 输出 2
print(stack.pop())   # 输出 1
print(stack.is_empty())  # 输出 True


# 定义队列类
class Queue:
    def __init__(self):
        self.items = []

    def enqueue(self, item):
        # 在队尾添加一个新的元素
        self.items.append(item)

    def dequeue(self):
        # 从队首移除并返回一个元素
        if not self.is_empty():
            return self.items.pop(0)
        else:
            raise IndexError(""dequeue from empty queue"")

    def front(self):
        # 查看但不移除队首元素
        if not self.is_empty():
            return self.items[0]
        else:
            raise IndexError(""front from empty queue"")

    def is_empty(self):
        # 检查队列是否为空
        return len(self.items) == 0

# 使用队列的例子
queue = Queue()
queue.enqueue(1)
queue.enqueue(2)
print(queue.front())  # 输出 1
print(queue.dequeue())  # 输出 1
print(queue.dequeue())  # 输出 2
print(queue.is_empty())  # 输出 True
```

#### 实际应用
- **栈**：常用于函数调用、表达式求值、括号匹配等场景。
- **队列**：适用于任务调度、消息传递系统、打印机队列管理等。

通过理解和掌握栈和队列的概念及实现方法，可以帮助你在编写程序时更灵活地处理数据流和算法设计。希望这个解释对你有所帮助！如果你有任何进一步的问题或需要深入探讨，请随时告诉我。",44.31163573265076,2477,222,True,True,4.44,0.6
8,Explain the difference between stack and queue,data_structures,easy,cot,"### 解释栈和队列的区别

#### 1. 概念定义
**栈 (Stack)**
- **定义**：栈是一种线性数据结构，遵循后进先出（Last In First Out, LIFO）的原则。这意味着最后添加到栈中的元素将是首先被移除的那个。
  
**队列 (Queue)**
- **定义**：队列也是一种线性数据结构，遵循先进先出（First In First Out, FIFO）的原则。这意味着最早添加到队列中的元素将会是第一个被移除的那个。

#### 2. 它们解决的问题
**栈 (Stack)**
- **问题**：栈主要用于处理需要撤销操作或回溯的情况，例如函数调用、表达式求值（如中缀转后缀）、浏览器历史记录等场景。
  
**队列 (Queue)**
- **问题**：队列常用于处理任务调度、缓冲区管理、模拟等待时间序列等场景。例如，在操作系统中，进程调度就是使用队列来决定哪个进程应该优先执行。

#### 3. 简单的代码示例
下面分别给出使用Python实现的栈和队列的基本例子。

##### 栈 (Stack)
```python
class Stack:
    def __init__(self):
        self.items = []
    
    # 将元素压入栈顶
    def push(self, item):
        self.items.append(item)
    
    # 弹出栈顶元素
    def pop(self):
        if not self.is_empty():
            return self.items.pop()
        else:
            raise Exception(""Pop from an empty stack"")
    
    # 返回栈顶元素而不弹出
    def peek(self):
        if not self.is_empty():
            return self.items[-1]
        else:
            raise Exception(""Peek from an empty stack"")
    
    # 判断栈是否为空
    def is_empty(self):
        return len(self.items) == 0
    
    # 获取栈中的所有元素
    def size(self):
        return len(self.items)

# 使用栈的例子
stack = Stack()
stack.push(1)
stack.push(2)
stack.push(3)
print(stack.peek())  # 输出 3
print(stack.pop())   # 输出 3
```

##### 队列 (Queue)
```python
from collections import deque

class Queue:
    def __init__(self):
        self.items = deque()  # 使用双端队列作为底层实现
    
    # 将元素加入队尾
    def enqueue(self, item):
        self.items.append(item)
    
    # 从队头取出元素
    def dequeue(self):
        if not self.is_empty():
            return self.items.popleft()
        else:
            raise Exception(""Dequeue from an empty queue"")
    
    # 判断队列是否为空
    def is_empty(self):
        return len(self.items) == 0
    
    # 获取队列中的所有元素
    def size(self):
        return len(self.items)

# 使用队列的例子
queue = Queue()
queue.enqueue(1)
queue.enqueue(2)
queue.enqueue(3)
print(queue.dequeue())  # 输出 1
```

#### 4. 关键要点总结
- **栈 (Stack)** 主要应用于需要按照相反顺序访问的数据结构，其核心特点是“后进先出”。
- **队列 (Queue)** 适用于处理需要按照输入顺序访问的数据结构，其核心特点是“先进先出”。
- 栈可以利用列表或数组实现基本功能，而队列通常使用双端队列（deque）以提高效率。
- 在实际应用中，理解和正确地选择使用栈或队列能够有效提升程序性能和逻辑清晰度。",37.31450414657593,2131,197,True,True,3.94,1.0
9,Explain inheritance in OOP,oop,easy,zero_shot,"当然！面向对象编程（OOP）中的继承是一种机制，它允许一个类（称为子类或派生类）基于另一个类（称为父类或基类）的定义来定义。通过继承，子类可以重用和扩展父类的功能，同时还可以覆盖不需要的方法。

### 概念解释

#### 1. 父类与子类
- **父类**：也称作基类或超类，它是其他类的基础。父类包含一些通用方法和属性。
- **子类**：也称作派生类或衍生类，是根据某个特定需求从已有的父类中派生出来的类。子类可以继承父类的所有公共和保护成员，并且可以在需要时添加新的功能、覆盖原有功能或者修改现有功能。

#### 2. 继承的优点
- **代码复用**：避免重复编写相同的代码，提高开发效率。
- **扩展性**：在不改变原有结构的情况下增加新功能。
- **维护性**：如果需要对系统进行修改，只需要在父类中进行调整即可。

### 实例说明

假设我们有一个 `Animal` 类，表示所有动物的基本特征：

```python
class Animal:
    def __init__(self, name):
        self.name = name
    
    def eat(self):
        print(f""{self.name} is eating."")

    def sleep(self):
        print(f""{self.name} is sleeping."")
```

然后我们可以创建两个子类：`Dog` 和 `Cat`，它们分别继承了 `Animal` 类：

```python
# 定义 Dog 子类
class Dog(Animal):
    def bark(self):
        print(f""{self.name} is barking."")

# 定义 Cat 子类
class Cat(Animal):
    def meow(self):
        print(f""{self.name} is meowing."")

# 使用示例
dog = Dog(""Buddy"")
cat = Cat(""Whiskers"")

dog.eat()     # 输出: Buddy is eating.
dog.sleep()   # 输出: Buddy is sleeping.
dog.bark()    # 输出: Buddy is barking.

cat.eat()     # 输出: Whiskers is eating.
cat.sleep()   # 输出: Whiskers is sleeping.
cat.meow()    # 输出: Whiskers is meowing.
```

### 实践建议

- 在设计类层次结构时，确保每个类都有明确的角色和职责。
- 尽量使用多态性，这样可以在运行时决定调用哪个具体方法。
- 遵循单一职责原则 (SRP)，避免类过于复杂。

### 相关主题

- 多态性 (Polymorphism)
- 抽象类 (Abstract Classes)
- 接口 (Interfaces)

希望这个解释对你理解面向对象编程中的继承有所帮助！如果有任何疑问或想要深入了解相关话题，请随时提问。",29.466092586517334,1386,139,True,True,2.78,0.6
9,Explain inheritance in OOP,oop,easy,few_shot,"### 解释面向对象编程中的继承（Inheritance）

#### 概念解释
继承是面向对象编程（OOP）中的一个重要特性，它允许我们定义一个新类（子类或派生类），该类可以从已存在的类（父类或基类）继承属性和方法。这种机制使得我们可以重用现有的代码，并且可以扩展这些代码的功能而无需从头开始编写新的代码。继承有助于提高代码的可维护性和复用性。

#### 实际例子
在Python中，假设我们有一个名为`Animal`的基类，表示所有动物的基本特征和行为；然后我们希望创建一个新的类`Dog`，它不仅具有`Animal`的所有属性和方法，而且还有一些特定于狗的行为。通过继承，我们可以这样做：

```python
# 定义基类 Animal
class Animal:
    def __init__(self, name):
        self.name = name
    
    def speak(self):
        raise NotImplementedError(""Subclasses must implement this method"")

# 定义派生类 Dog 继承自 Animal 类
class Dog(Animal):
    def speak(self):
        return f""{self.name} says Woof!""

# 创建 Dog 对象并测试其行为
my_dog = Dog(""Buddy"")
print(my_dog.speak())  # 输出: Buddy says Woof!
```

#### 思考过程
1. **理解基类**：首先需要了解基类 `Animal` 中包含哪些通用功能，如构造函数、初始化名称等。
2. **确定子类需求**：识别出那些特定于子类 `Dog` 的行为，如吠叫。
3. **继承与实现**：使用继承语法 `class Dog(Animal)` 来定义子类，并覆盖 `speak` 方法以提供具体实现。
4. **实例化与验证**：通过创建 `Dog` 类的对象并调用 `speak` 方法来验证继承效果。

#### 实践提示
- 当你定义一个新类时，考虑是否可以从其他类继承。如果新类具有多个基类的功能，则可能适合继承。
- 覆盖基类的方法时，确保满足基类的要求，特别是抽象方法（如 `raise NotImplementedError` 示例）。
- 使用继承可以使代码更加模块化和易于管理，但过度使用也可能导致类层次复杂化，因此需谨慎设计类的关系。

#### 进阶学习建议
- 探索多重继承及其潜在风险。
- 学习如何使用接口或抽象基类进一步规范继承关系。
- 分析现实世界中的案例研究，了解如何应用继承原则解决实际问题。",27.45869469642639,1180,98,True,True,1.96,0.6
9,Explain inheritance in OOP,oop,easy,cot,"### 解释面向对象编程中的继承（Inheritance）

#### 1. 概念定义
**继承**是面向对象编程（OOP）的一个核心特性。它允许我们创建一个新的类（子类或派生类），该类可以继承另一个已存在的类（父类或基类）的所有属性和方法。通过这种方式，我们可以重用现有的代码，并且可以根据需要扩展和修改这些代码。

#### 2. 解决的问题
- **减少冗余代码**：避免重复编写相同的代码。
- **提高代码复用性**：不同的类可以通过继承共享公共的行为和数据。
- **实现层次结构**：帮助组织类的关系，形成清晰的层次结构。

#### 3. 简单代码示例
假设我们需要创建两个类：`Animal` 和 `Dog`。`Dog` 类将从 `Animal` 类中继承，因为狗是一种动物。

```python
# 基础类 Animal
class Animal:
    def __init__(self, name):
        self.name = name
    
    # 共享的方法
    def speak(self):
        return f""{self.name} makes a sound.""

# 子类 Dog 继承自 Animal
class Dog(Animal):
    def __init__(self, name, breed):
        super().__init__(name)  # 调用父类构造函数初始化名称
        self.breed = breed      # 添加额外的属性
        
    # 重写父类方法
    def speak(self):
        return f""{self.name} barks!""

# 创建实例并测试
dog = Dog(""Buddy"", ""Golden Retriever"")
print(dog.speak())  # 输出: Buddy barks!
```

#### 4. 关键要点总结
- **类的继承**：通过使用关键字 `class SubClassName(ParentClass)` 来实现。
- **继承的层级关系**：可以有多层继承，即子类也可以作为其他子类的父类。
- **方法覆盖与多态**：子类可以重新定义来自父类的方法，这称为方法覆盖；不同类型的对象可以以统一的方式处理。
- **super() 函数**：用于调用父类的构造函数或其他成员，确保正确地初始化父类的数据成员。

通过上述分析，我们可以看到继承在面向对象编程中提供了强大的功能，使得软件开发更加模块化、灵活且易于维护。理解这一机制有助于构建高效可靠的系统。",25.850326776504517,1157,100,True,True,2.0,0.8
10,What are generators in Python? What are their advantages?,python_basics,medium,zero_shot,"当然，我很乐意为你详细解释Python中的生成器以及它们的优势。

### 什么是生成器？

#### 概念解释
在Python中，生成器是一种特殊的迭代器，可以逐次生成数据而不是一次性将所有数据加载到内存中。这意味着每次请求时只计算下一个值，这使得处理大量数据或无限序列成为可能而不需要消耗大量的内存资源。

#### 代码示例与实现方式
生成器可以通过`def`关键字定义，并且使用`yield`语句代替`return`来返回结果。下面是一个简单的例子：

```python
# 定义一个生成器函数
def simple_generator():
    yield 1
    yield 2
    yield 3

# 使用生成器
gen = simple_generator()
print(next(gen))  # 输出: 1
print(next(gen))  # 输出: 2
print(next(gen))  # 输出: 3
```

在这个例子中，当我们调用`next()`函数时，`simple_generator`会从上一次`yield`处继续执行并返回相应的值，直到遇到下一个`yield`或者函数结束。

### 生成器的优点

#### 1. 内存效率高
生成器可以在不占用过多内存的情况下处理大容量的数据集。因为每次仅计算和存储一个值，所以非常适合处理大数据流（如文件、网络流等）。

#### 2. 可以是无限序列
由于生成器是惰性求值的，因此它可以生成无限长的序列，只要程序运行足够长时间即可。例如：

```python
def infinite_sequence():
    num = 0
    while True:
        yield num
        num += 1

seq = infinite_sequence()
for i in range(5):
    print(next(seq))  # 输出: 0 1 2 3 4
```

#### 3. 简洁易读
生成器通常比传统的列表推导式更简洁和直观，特别是在需要处理复杂逻辑或迭代多个数据源时。

#### 4. 支持链式操作
通过结合生成器和其他高级功能（如`itertools`库），你可以轻松地创建复杂的迭代模式。例如，使用`chain.from_iterable`将多个生成器连接起来进行遍历。

### 总结
生成器是Python中非常强大但又简单易懂的功能之一。它们特别适合于处理大型数据集或是需要动态生成序列的情况。理解如何有效地利用生成器可以极大地提高你的代码质量和性能表现。希望以上内容对你有所帮助！如果你有任何进一步的问题，请随时提问。",26.716547966003418,1147,89,True,True,1.78,1.0
10,What are generators in Python? What are their advantages?,python_basics,medium,few_shot,"### 什么是生成器？

#### 概念解释
生成器（Generators）是在Python中实现迭代的一种方式，它们允许你编写可以暂停和恢复执行的函数。与普通函数不同，生成器使用 `yield` 关键字而不是 `return` 来返回值。当调用生成器时，它不会立即执行其内部代码，而是返回一个生成器对象。只有在通过这个生成器对象访问其内容时，才会逐行执行代码并产生输出。

#### 思维过程
1. **理解基本功能**：生成器的主要目的是高效地生成一系列值。
2. **注意 `yield` 的作用**：每次遇到 `yield` 语句时，生成器会停止当前的操作，并将控制权返回给调用者，同时保存当前的状态。
3. **状态保持**：当再次调用生成器时，它从上次停止的地方继续执行，而不需要重新计算所有已经计算过的内容。

#### 示例代码
```python
def simple_generator():
    yield 1
    yield 2
    yield 3

# 调用生成器
gen = simple_generator()
print(next(gen))  # 输出 1
print(next(gen))  # 输出 2
print(next(gen))  # 输出 3

# 或者直接在一个循环中使用生成器
for value in simple_generator():
    print(value)
```

在这个例子中，`simple_generator()` 是一个生成器函数，它依次产生数字 1、2 和 3。每次调用 `next()` 函数时，生成器会继续执行直到遇到下一个 `yield` 语句。

#### 实际应用
- **大数据处理**：当你需要处理非常大的数据集时，生成器可以帮助节省内存资源。例如，你可以编写一个生成器来逐个读取文件的每一行而不一次性加载整个文件到内存中。
- **无限序列**：生成器非常适合生成无限序列，因为它们可以在需要的时候才生成新的值，而不是一开始就计算所有值。

#### 优点总结
1. **节省内存**：生成器只生成所需的值，因此特别适用于处理大体积的数据。
2. **延迟计算**：生成器允许你在需要的时候才进行计算，这使得它们非常适合动态场景或实时数据流。
3. **易于理解和维护**：由于生成器代码通常更简洁且遵循惰性求值原则，所以更容易阅读和调试。

### 相关话题建议
- 学习如何在生成器中使用异常处理。
- 探索协程的概念及其与生成器的关系。
- 使用 `itertools` 模块提供的生成器工具函数来简化常见的操作。

希望这些信息对你有所帮助！如果你有任何进一步的问题，请随时提问。",28.23379635810852,1150,91,True,True,1.82,0.8
10,What are generators in Python? What are their advantages?,python_basics,medium,cot,"### 1. 概念定义

**生成器（Generators）在Python中是一种特殊的迭代器对象，它们可以在遍历序列时动态地生成数据。** 生成器通过使用`yield`关键字来实现，这使得它们能够暂停执行并返回值，然后在下次调用时从上次停止的地方继续执行。

### 2. 解决的问题

生成器主要解决了内存管理和资源消耗的问题。在处理大数据集或无限序列时，生成器可以避免一次性加载所有数据到内存中，从而节省大量内存空间和提高程序效率。此外，生成器还简化了函数式编程中的某些操作。

### 3. 简单代码示例

下面是一个生成器的基本示例，用于生成斐波那契数列的一部分：

```python
def fibonacci(n):
    """"""
    生成前n个斐波那契数。
    
    :param n: 要生成的斐波那契数的数量
    :return: 生成器对象，可用来获取斐波那契数列
    """"""
    a, b = 0, 1
    for _ in range(n):
        yield a
        a, b = b, a + b

# 使用生成器获取前10个斐波那契数
fib_generator = fibonacci(10)
for num in fib_generator:
    print(num)
```

在这个例子中，`fibonacci` 函数是一个生成器。当我们调用它时，它不会立即计算整个斐波那契数列，而是会返回一个生成器对象。我们可以通过循环迭代该生成器来逐个获取斐波那契数。

### 4. 关键要点总结

- **延迟生成（Lazy Evaluation）**：生成器仅在需要时才生成下一个值，而不是一开始就全部计算出来。
- **节省内存**：对于大数据集或无限序列，生成器不需要存储所有元素，只需保持当前状态即可。
- **易于编写复杂逻辑**：利用 `yield` 的简洁性，生成器非常适合实现复杂的迭代算法和逻辑。
- **惰性求值**：只有当调用 `next()` 或在循环中使用生成器时，生成器才会执行到下一个 `yield` 表达式。
- **结合其他工具使用**：生成器可以与列表推导、map()、filter()等组合使用，以进一步简化代码。

希望这些内容能帮助你理解生成器的概念及其优势！如果你有任何疑问或想深入探讨，请随时提问。",26.667126417160034,1017,76,True,True,1.52,0.6
11,What is a binary tree? What are its traversal methods?,data_structures,medium,zero_shot,"### 什么是二叉树？

**二叉树**是一种常见的数据结构，它是一个节点的集合。每个节点最多有两个子节点，并且这些子节点通常被称作“左子节点”和“右子节点”。根据子节点的位置不同，二叉树可以分为多种类型：

- **完全二叉树**：除了最底层外，所有层都是满的，并且最底层的节点尽可能地靠左。
- **平衡二叉树（AVL 树）**：一种特殊的二叉查找树，任何两个叶子节点的高度差不超过1。
- **二叉搜索树（BST）**：对于任意一个节点，其左子树中的所有节点的值都小于该节点的值，而其右子树中的所有节点的值都大于该节点的值。

二叉树在计算机科学中应用广泛，如实现字典、表达式解析等。

### 二叉树的遍历方法

遍历是访问二叉树中每个节点的过程。主要的遍历方式有三种：前序遍历、中序遍历和后序遍历。每种遍历方法都有不同的顺序来访问根节点、左子树和右子树。

#### 前序遍历 (Pre-order Traversal)
前序遍历首先访问根节点，然后递归地对左子树进行前序遍历，最后递归地对右子树进行前序遍历。形式上可以表示为：
```
root -> left subtree -> right subtree
```

#### 中序遍历 (In-order Traversal)
中序遍历首先递归地对左子树进行中序遍历，然后访问根节点，最后递归地对右子树进行中序遍历。形式上可以表示为：
```
left subtree -> root -> right subtree
```

#### 后序遍历 (Post-order Traversal)
后序遍历首先递归地对左子树进行后序遍历，然后递归地对右子树进行后序遍历，最后访问根节点。形式上可以表示为：
```
left subtree -> right subtree -> root
```

下面通过Python代码示例展示这三种遍历方法：

```python
class TreeNode:
    def __init__(self, value=0, left=None, right=None):
        self.value = value
        self.left = left
        self.right = right

def pre_order_traversal(root):
    if root is None:
        return []
    result = [root.value]
    result += pre_order_traversal(root.left)
    result += pre_order_traversal(root.right)
    return result

def in_order_traversal(root):
    if root is None:
        return []
    result = in_order_traversal(root.left)
    result.append(root.value)
    result += in_order_traversal(root.right)
    return result

def post_order_traversal(root):
    if root is None:
        return []
    result = post_order_traversal(root.left)
    result += post_order_traversal(root.right)
    result.append(root.value)
    return result

# 创建一棵简单的二叉树
#       1
#      / \
#     2   3
#    / \
#   4   5
root = TreeNode(1)
root.left = TreeNode(2)
root.right = TreeNode(3)
root.left.left = TreeNode(4)
root.left.right = TreeNode(5)

print(""Pre-order traversal:"", pre_order_traversal(root))  # 输出: [1, 2, 4, 5, 3]
print(""In-order traversal:"", in_order_traversal(root))    # 输出: [4, 2, 5, 1, 3]
print(""Post-order traversal:"", post_order_traversal(root))# 输出: [4, 5, 2, 3, 1]
```

### 实践建议
- 练习使用上述函数遍历不同的二叉树实例。
- 尝试自己编写其他类型的二叉树遍历算法，比如层次遍历（广度优先搜索）。
- 理解并实践如何将遍历结果用于实际问题解决中，例如搜索特定值或计算树的高度等。",42.17868375778198,2141,196,True,False,3.92,0.4
11,What is a binary tree? What are its traversal methods?,data_structures,medium,few_shot,"### 什么是二叉树？

**定义与结构**
- **二叉树（Binary Tree）** 是一种常见的数据结构，其中每个节点最多有两个子节点：左子节点和右子节点。
- 在计算机科学中，二叉树常被用于表示层次关系或进行排序操作等场景。
- 每个节点包含三个部分：节点的数据、指向左子节点的引用和指向右子节点的引用。

**可视化描述**
- 节点可以看作是一个有标签的盒子，包含了数据和两个指针（指向左右子节点）。如果某个子节点不存在，则该位置为 `None` 或空引用。

### 二叉树的遍历方法

二叉树的遍历是指按照某种顺序访问树中所有节点的过程。主要有三种基本遍历方式：前序遍历（Pre-order Traversal）、中序遍历（In-order Traversal）和后序遍历（Post-order Traversal）。

#### 1. 前序遍历 (Pre-order Traversal)
- **定义**：先访问根节点，然后递归地遍历左子树，最后递归地遍历右子树。
- **步骤**：
  - 访问当前节点。
  - 遍历左子树。
  - 遍历右子树。

**伪代码实现**:
```python
def pre_order_traversal(node):
    if node is None:
        return
    print(node.data)          # 访问当前节点
    pre_order_traversal(node.left)   # 遍历左子树
    pre_order_traversal(node.right)  # 遍历右子树
```

#### 2. 中序遍历 (In-order Traversal)
- **定义**：首先递归地遍历左子树，然后访问根节点，最后递归地遍历右子树。
- **步骤**：
  - 遍历左子树。
  - 访问当前节点。
  - 遍历右子树。

**伪代码实现**:
```python
def in_order_traversal(node):
    if node is None:
        return
    in_order_traversal(node.left)     # 遍历左子树
    print(node.data)                  # 访问当前节点
    in_order_traversal(node.right)    # 遍历右子树
```

#### 3. 后序遍历 (Post-order Traversal)
- **定义**：首先递归地遍历左子树，然后递归地遍历右子树，最后访问根节点。
- **步骤**：
  - 遍历左子树。
  - 遍历右子树。
  - 访问当前节点。

**伪代码实现**:
```python
def post_order_traversal(node):
    if node is None:
        return
    post_order_traversal(node.left)      # 遍历左子树
    post_order_traversal(node.right)     # 遍历右子树
    print(node.data)                     # 访问当前节点
```

### 实际应用
- **搜索**：通过二叉查找树可以在 O(log n) 时间内找到特定值。
- **排序**：利用二叉树可以高效地对大量数据进行排序。
- **表达式解析**：在编译器中使用二叉树来解析算术表达式。

### 总结
理解二叉树及其遍历方法对于掌握更复杂的算法和数据结构至关重要。通过这些遍历方法，我们可以有效地访问和处理二叉树中的数据。

希望这个解释对你有所帮助！如果你有任何疑问或者想要进一步了解相关知识点，请随时提问。",37.854769706726074,1646,139,True,True,2.78,0.8
11,What is a binary tree? What are its traversal methods?,data_structures,medium,cot,"### 1. 概念定义

**Binary Tree Definition**

- **Binary Tree** 是一种数据结构，它是一种树形数据结构，其中每个节点最多有两个子节点。这两个子节点通常被称作左子节点和右子节点。
- 在二叉树中，每个节点可以有零个、一个或两个子节点。
- 二叉树中的节点包含一个值（通常是整数）以及指向其左右子节点的引用。

### 2. 解决的问题

**Solving Problems with Binary Trees**

- **存储与检索**：由于其层次结构，二叉树非常适合用于存储和快速检索数据。例如，在搜索引擎中，可以通过构建一个基于关键词的二叉树来加速搜索过程。
- **排序算法**：一些排序算法如堆排序利用了二叉树进行元素排序。
- **表达式解析**：在编译器设计中，二叉树常用于表示算术表达式和逻辑表达式。
- **文件系统**：类似地，文件系统的目录结构也可以看作是二叉树的一个例子。

### 3. 简单的代码示例

下面是一个使用Python实现的基本二叉树类及其遍历方法的例子：

```python
class TreeNode:
    def __init__(self, value=0, left=None, right=None):
        self.value = value
        self.left = left
        self.right = right

class BinaryTree:
    def __init__(self, root_value):
        self.root = TreeNode(root_value)

    # 前序遍历 (根 -> 左 -> 右)
    def preorder_traversal(self, node):
        if node is None:
            return []
        result = [node.value]
        result += self.preorder_traversal(node.left)
        result += self.preorder_traversal(node.right)
        return result
    
    # 中序遍历 (左 -> 根 -> 右)
    def inorder_traversal(self, node):
        if node is None:
            return []
        result = self.inorder_traversal(node.left)
        result.append(node.value)
        result += self.inorder_traversal(node.right)
        return result
    
    # 后序遍历 (左 -> 右 -> 根)
    def postorder_traversal(self, node):
        if node is None:
            return []
        result = self.postorder_traversal(node.left)
        result += self.postorder_traversal(node.right)
        result.append(node.value)
        return result

# 示例：创建一个简单的二叉树并遍历
tree = BinaryTree(1)
tree.root.left = TreeNode(2)
tree.root.right = TreeNode(3)
tree.root.left.left = TreeNode(4)
tree.root.left.right = TreeNode(5)

print(""前序遍历:"", tree.preorder_traversal(tree.root))  # 输出: [1, 2, 4, 5, 3]
print(""中序遍历:"", tree.inorder_traversal(tree.root))   # 输出: [4, 2, 5, 1, 3]
print(""后序遍历:"", tree.postorder_traversal(tree.root)) # 输出: [4, 5, 2, 3, 1]
```

### 4. 关键要点总结

**Key Points Summary**

- **节点结构**: 二叉树中的每个节点都包含一个值以及对其左右子节点的引用。
- **三种基本遍历方式**: 
  - **前序遍历**: 先访问当前节点再依次访问它的左子树和右子树。
  - **中序遍历**: 先访问左子树，然后访问当前节点，最后访问右子树。
  - **后序遍历**: 先访问左子树和右子树，最后访问当前节点。
  
通过理解这些核心概念和遍历方法，你可以更好地应用二叉树来解决实际问题，并进一步学习更复杂的树结构和算法优化技巧。",39.563384771347046,2227,202,True,True,4.04,1.2
12,Explain the concept of dynamic programming,algorithms,hard,zero_shot,"当然，动态规划是一种非常强大的算法设计技术，广泛应用于解决具有重叠子问题和最优子结构性质的问题。下面我将详细解释这个概念，并通过一个具体的例子来说明它的应用。

### 动态规划的概念与原理

#### 什么是动态规划？
**动态规划（Dynamic Programming, DP）** 是一种通过把原问题分解为相互重叠的子问题来求解复杂问题的方法。它通过存储已经解决的子问题的结果来避免重复计算，从而提高算法效率。

#### 动态规划的核心特性：
1. **重叠子问题**：一个问题的所有可能解决方案都包含相同或相似的子问题。
2. **最优子结构**：如果一个全局最优解可以通过其子问题的局部最优解组合而成，则该问题具备最优子结构。

### 思路步骤
动态规划通常遵循以下几个基本步骤：

1. **定义状态**：确定解决问题所需的变量，这些变量描述了问题的状态。
2. **递推关系**：建立状态之间的递归关系，即如何从一个状态转移到另一个状态。
3. **初始条件/边界情况**：明确每个状态的初始值或者边界条件。
4. **填表顺序**：决定填表的顺序，通常是从最简单的状态开始，逐步向更复杂的状态推进。

### 示例：斐波那契数列
斐波那契数列是一个经典的使用动态规划的例子。序列定义如下：
- F(0) = 0,
- F(1) = 1,
- 对于 n > 1, F(n) = F(n-1) + F(n-2).

#### 使用动态规划实现斐波那契数列
```python
def fibonacci_dp(n):
    # 初始化一个列表来存储斐波那契数列的值
    fib_values = [0] * (n+1)
    
    # 基本情况
    if n == 0:
        return 0
    elif n == 1:
        return 1
    
    # 填充fib_values数组
    fib_values[0], fib_values[1] = 0, 1
    for i in range(2, n+1):
        fib_values[i] = fib_values[i-1] + fib_values[i-2]
    
    return fib_values[n]

# 测试函数
print(fibonacci_dp(10))  # 输出应该是55
```

在这个例子中：
- 我们定义了一个状态 `fib_values` 来存储每个斐波那契数的值。
- 初始条件是 `F(0)=0` 和 `F(1)=1`。
- 递推公式是 `F(n) = F(n-1) + F(n-2)`。
- 我们按照从小到大的顺序填充 `fib_values` 数组。

### 实践提示
- 在实际应用中，要识别问题是否适合用动态规划解决的关键在于是否存在重叠子问题和最优子结构。
- 注意选择合适的数据结构来存储中间结果，以优化时间和空间复杂度。
- 避免直接递归求解，因为可能会导致时间超限；而是采用自底向上构建的方式。

希望以上内容能帮助你理解动态规划的基本思想及其应用。如果你有更多具体的问题或需要进一步的练习，请随时告诉我！",33.90699076652527,1361,128,True,True,2.56,0.4
12,Explain the concept of dynamic programming,algorithms,hard,few_shot,"### 动态规划的概念解释

#### 概念介绍
动态规划（Dynamic Programming, DP）是一种在计算机科学和运筹学中用于解决优化问题的技术。它的核心思想是将复杂的问题分解为更小的子问题，并通过存储这些子问题的结果来避免重复计算，从而提高算法效率。

#### 基本步骤
动态规划通常遵循以下几个基本步骤：
1. **定义状态**：明确问题的状态是什么，以及如何表示这些状态。
2. **递归关系**：找出状态之间的依赖关系，即如何从较小规模的问题推导出较大规模的问题的解。
3. **边界条件**：确定最小规模问题的解。
4. **计算顺序**：确定按什么顺序进行计算以确保所有需要的基础结果已经准备好。

#### 示例分析
假设我们要解决一个经典的背包问题，目标是在不超过容量的情况下最大化物品的价值。这个问题可以用动态规划来解决。

##### 背包问题描述
给定一组物品，每种物品都有自己的重量和价值，在限定的总重量内，我们如何选择物品使价值最大？

##### 动态规划解决方案
1. **定义状态**：使用二维数组 `dp[i][w]` 表示前 i 种物品不超过容量 w 的情况下可以获得的最大价值。
2. **递归关系**：
   - 如果不选第 i 种物品，则 `dp[i][w] = dp[i-1][w]`
   - 如果选第 i 种物品且其重量不超过当前容量，则 `dp[i][w] = value[i] + dp[i-1][w-weight[i]]`
   - 最终状态转移方程为 `dp[i][w] = max(dp[i-1][w], value[i] + dp[i-1][w-weight[i]])`
3. **边界条件**：当没有物品时，任何容量下的价值都是 0；当容量为 0 时，任何物品都无法被选中。
4. **计算顺序**：从小到大依次计算每一种物品及其对应的各个容量情况。

##### 伪代码实现
```python
def knapsack(weights, values, capacity):
    n = len(values)
    # 初始化 DP 数组
    dp = [[0] * (capacity + 1) for _ in range(n + 1)]
    
    # 填充 DP 表
    for i in range(1, n + 1):
        for w in range(1, capacity + 1):
            if weights[i-1] <= w:
                dp[i][w] = max(dp[i-1][w], values[i-1] + dp[i-1][w-weights[i-1]])
            else:
                dp[i][w] = dp[i-1][w]
                
    return dp[n][capacity]

# 示例调用
weights = [2, 3, 4, 5]
values = [3, 4, 5, 6]
capacity = 5
print(knapsack(weights, values, capacity))  # 输出应为 7 或者 8，取决于具体的选择
```

#### 实际应用与扩展
动态规划广泛应用于各种优化问题，如最短路径、最长公共子序列等。理解动态规划的关键在于识别问题是否可以通过分解成一系列子问题并利用以前的解来进行优化。

#### 进一步学习资源
- 学习更多经典问题的动态规划解法，如矩阵链乘、编辑距离等。
- 探索记忆化搜索和迭代方法的区别及应用场景。
- 分析不同动态规划算法的时间和空间复杂度。

希望这个解释对你有所帮助！如果你有任何疑问或想要了解更多信息，请随时提问。",37.76369571685791,1631,166,True,True,3.32,0.6
12,Explain the concept of dynamic programming,algorithms,hard,cot,"### 逐步解释动态规划的概念

#### 1. 概念定义
**动态规划（Dynamic Programming, DP）** 是一种在计算机科学和数学中用于优化复杂计算的技术。它通过将复杂问题分解为更小的子问题，并存储这些子问题的结果来避免重复计算，从而提高算法效率。

#### 2. 解决的问题
动态规划主要适用于具有“重叠子问题”和“最优子结构”的问题类型。这些问题的特点是：
- **重叠子问题**：同一个子问题可能被多次求解。
- **最优子结构**：全局最优解可以通过局部最优解来构建。

例如，在背包问题、最长公共子序列等问题中，我们经常需要反复处理相同的子问题，而动态规划能有效地解决这类问题。

#### 3. 简单代码示例 - 最长递增子序列 (LIS)
下面是一个经典的动态规划应用例子：找出数组中的最长递增子序列长度。我们将使用一维DP数组来实现这一目标。

```python
def length_of_lis(nums):
    if not nums:
        return 0
    
    # 初始化dp数组，每个元素初始值设为1
    dp = [1] * len(nums)
    
    # 动态规划填充过程
    for i in range(1, len(nums)):
        for j in range(i):
            if nums[i] > nums[j]:
                # 更新当前dp[i]
                dp[i] = max(dp[i], dp[j] + 1)
                
    # 返回最大值
    return max(dp)

# 测试数据
nums = [10, 9, 2, 5, 3, 7, 101, 18]
print(length_of_lis(nums))  # 输出应为 4
```

在这个例子中：
- `dp[i]` 表示以第i个数字结尾的最长递增子序列的长度。
- 我们遍历整个数组，对于每一个元素，检查之前的所有元素是否小于当前元素。
- 如果满足条件，则更新当前的最大递增子序列长度。

#### 4. 关键要点总结
- **分解与合并**: 将大问题分解成多个小问题并合并结果。
- **记忆化**: 存储已经解决过的子问题的答案，避免重复计算。
- **状态转移方程**: 描述如何从已知的状态推导出未知状态。
- **时间空间复杂度分析**: 能够评估算法的时间和空间消耗情况。

理解动态规划的核心在于识别问题的重叠子问题和最优子结构特性，然后通过合理的状态转移方程进行高效求解。希望这个逐步解释帮助你更好地理解和掌握动态规划的思想！",28.242587327957153,1173,108,True,True,2.16,1.0
13,What are dunder methods (magic methods) in Python?,oop,medium,zero_shot,"好的，让我们来详细讲解Python中的dunder方法（也称为魔术方法）。

### 什么是Dunder 方法？

在Python中，“dunder”是“双下划线”的缩写。这些方法的名字以两个下划线开始和结束（例如`__init__`），因此被称为dunder方法或魔术方法。它们主要用于实现特殊的行为或操作符重载，使得Python对象可以像内置类型一样工作。

### Dunder 方法的用途

Dunder方法的主要用途包括：
- 实现特定的操作符行为。
- 提供类的初始化、清理或其他控制流功能。
- 支持序列、容器和其他抽象数据类型的自定义行为。

### 常见的Dunder 方法

下面是一些常用的Dunder方法及其简要说明：

#### 初始化和销毁
- `__init__(self, ...)`: 构造函数，用于创建一个新实例并进行初始设置。
- `__del__(self)`: 析构器，在对象被垃圾回收时调用。

#### 操作符重载
- `__add__(self, other)`: 定义加法运算。
- `__sub__(self, other)`: 定义减法运算。
- `__mul__(self, other)`: 定义乘法运算。
- `__truediv__(self, other)`: 定义除法运算。
- `__mod__(self, other)`: 定义取模运算。

#### 序列相关的方法
- `__len__(self)`: 返回序列的长度。
- `__getitem__(self, key)`: 获取指定索引或键对应的元素。
- `__setitem__(self, key, value)`: 设置指定索引或键对应的新值。
- `__delitem__(self, key)`: 删除指定索引或键对应的数据项。

#### 其他常用方法
- `__str__(self)`: 返回用户友好的字符串表示形式。
- `__repr__(self)`: 返回正式的字符串表示形式，通常用于调试。

### 示例代码

```python
class Vector:
    def __init__(self, x=0, y=0):
        self.x = x
        self.y = y
    
    # 定义加法运算
    def __add__(self, other):
        return Vector(self.x + other.x, self.y + other.y)
    
    # 打印向量信息
    def __str__(self):
        return f""Vector({self.x}, {self.y})""
    
# 创建两个向量实例
v1 = Vector(1, 2)
v2 = Vector(3, 4)

# 使用加法运算符
result = v1 + v2
print(result)  # 输出: Vector(4, 6)
```

### 总结与建议

学习并掌握Dunder方法对于编写高效且易于理解的Python代码至关重要。通过正确地使用这些方法，你可以使你的类更接近于Python的标准库类型，并提供更好的用户体验。此外，深入了解这些方法有助于你更好地理解和利用Python的强大特性。

为了进一步加深理解，请尝试自己实现一些常见的Dunder方法，并观察它们如何改变类的行为。同时，阅读官方文档中的更多关于Dunder方法的信息也是一个很好的实践方式。",33.21553635597229,1507,137,True,False,2.74,0.8
13,What are dunder methods (magic methods) in Python?,oop,medium,few_shot,"### Dunder Methods (Magic Methods) in Python

#### Concept Explanation
Dunder methods, also known as magic methods, are special methods in Python that allow you to emulate built-in behavior using custom classes. They start and end with double underscores (`__`). These methods provide a way to define how objects should behave when certain operations are performed on them, such as arithmetic operations, comparisons, and even string representations.

#### Why Are Dunder Methods Important?
Dunder methods are important because they enable developers to create more intuitive and powerful APIs for their classes. By implementing these methods, you can ensure that instances of your class work seamlessly with other Python data structures and functions.

#### Key Examples of Dunder Methods
Here are some common dunders along with brief descriptions:

- **`__init__(self, ...)`**: Called when an object is created from the class.
- **`__str__(self)`** and **`__repr__(self)`**: Return a human-readable string representation of the object.
- **`__len__(self)`**: Returns the length of the object (used by `len()` function).
- **`__add__(self, other)`**: Defines the addition operation for the object.
- **`__eq__(self, other)`**: Defines equality comparison.

#### Code Example
Let’s look at a simple example where we create a class representing a complex number and implement several dunder methods to make our class work well with standard operations like addition and string representation.

```python
class ComplexNumber:
    def __init__(self, real=0, imag=0):
        # Initialize the complex number
        self.real = real
        self.imag = imag

    def __add__(self, other):
        # Add two complex numbers
        if isinstance(other, ComplexNumber):
            return ComplexNumber(self.real + other.real, self.imag + other.imag)
        else:
            raise TypeError(""Unsupported operand type(s) for +: 'ComplexNumber' and '{}'"".format(type(other).__name__))
    
    def __str__(self):
        # String representation
        return f""{self.real} + {self.imag}i""

# Example usage
c1 = ComplexNumber(3, 2)
c2 = ComplexNumber(1, 7)

print(c1)       # Output: 3 + 2i
print(c2)       # Output: 1 + 7i
print(c1 + c2)  # Output: 4 + 9i
```

#### Practical Tips
1. **Documentation**: Always document what each method does clearly. This will help others understand and use your class effectively.
2. **Error Handling**: Implement error handling where appropriate. For instance, ensure types match before performing operations.
3. **Use Built-In Functions**: Utilize built-in functions like `len()`, `str()`, etc., which rely on corresponding dunder methods. If you override these, make sure to handle them correctly.
4. **Consistency**: Maintain consistency across different dunder methods to avoid confusion. For example, if you define `__lt__` (less than), consider defining `__gt__` (greater than).

#### Related Topics and Exercises
- **Inheritance and Polymorphism**: Explore how dunder methods interact with inheritance and polymorphism.
- **Operator Overloading**: Practice overloading operators for different data types.
- **Custom Containers**: Create custom containers (like lists or dictionaries) and implement necessary dunder methods to support common operations.

By understanding and utilizing dunder methods, you can significantly enhance the functionality and usability of your Python classes!",35.88995385169983,3423,457,True,True,5.0,0.4
13,What are dunder methods (magic methods) in Python?,oop,medium,cot,"### 逐步解释Python中的双下划线方法（dunder/magic方法）

#### 1. 概念定义
**双下划线方法**，也称为魔术方法或特殊方法，在Python中指的是以`__`开头和结尾的方法。这些方法在特定情况下会被Python解释器自动调用，用于实现操作符重载、对象创建/销毁等底层行为。

#### 2. 解决的问题
双下划线方法的主要作用是让开发者可以自定义类的行为，特别是在处理一些常见的操作时，比如运算符重载、上下文管理、序列协议等等。通过使用这些方法，我们可以使我们的类更接近于Python内置类型的行为，从而提供更加直观和用户友好的接口。

#### 3. 简单代码示例
下面是一个简单的例子，展示如何使用双下划线方法来重载加法操作符 `+`。我们将创建一个表示复数的类，并实现加法运算。

```python
class ComplexNumber:
    def __init__(self, real=0, imag=0):
        self.real = real
        self.imag = imag
    
    # 实现加法操作
    def __add__(self, other):
        if isinstance(other, ComplexNumber):
            return ComplexNumber(self.real + other.real, self.imag + other.imag)
        else:
            raise TypeError(""Unsupported operand type(s) for +: 'ComplexNumber' and '{}'"".format(type(other).__name__))
    
    def __str__(self):
        return f""{self.real} + {self.imag}i""

# 创建两个复数实例
c1 = ComplexNumber(1, 2)
c2 = ComplexNumber(3, 4)

# 使用加法操作符进行计算
result = c1 + c2

print(result)  # 输出: 4 + 6i
```

在这个例子中，我们首先定义了一个名为`ComplexNumber`的类，并实现了`__add__`方法来处理复数相加的操作。当尝试对两个`ComplexNumber`实例执行`+`运算时，实际会调用该方法并返回一个新的`ComplexNumber`实例。

#### 4. 关键要点总结
- **名称规则**：所有双下划线方法的名字都是固定的。
- **用途广泛**：它们涵盖了从算术运算到字符串格式化等多种功能。
- **灵活性高**：通过覆盖这些方法，你可以改变类的行为，使其与预期一致。
- **内部机制**：理解这些方法的工作原理可以帮助你更好地掌握Python语言的底层逻辑。
- **避免滥用**：虽然非常强大，但不应过度依赖这些方法，以免使得代码难以理解和维护。

希望上述内容能够帮助你全面理解Python中的双下划线方法！如果你有任何疑问或需要进一步探讨相关话题，请随时提问。",28.90825390815735,1386,98,True,True,1.96,0.8
14,What is HTTP protocol? What are the common HTTP methods?,web_basics,easy,zero_shot,"当然，很高兴为您详细解释HTTP协议以及常见的HTTP方法。

### 什么是HTTP协议？

#### 概念解释：
**HTTP（HyperText Transfer Protocol）** 是一种用于分布式、协作式和超媒体信息系统的应用层协议。它主要用于客户端与服务器之间的通信，特别是Web浏览器和Web服务器之间的通信。HTTP定义了请求和响应的标准格式，并规定了如何在这些实体之间传输数据。HTTP协议是基于请求-响应模型的，通常一个请求对应一个响应。

#### 工作原理简述：
当用户在浏览器中输入网址或点击链接时，浏览器会向该URL对应的服务器发送一个HTTP请求。服务器接收到请求后，根据请求的内容返回相应的资源或执行特定的操作并返回结果。这个过程涉及到HTTP消息的发送和接收，包括请求行、请求头、空行以及可能的数据体；同样地，服务器也会发送响应消息给客户端，包含状态码、响应头和可能的数据体。

### 常见的HTTP方法

HTTP协议定义了一系列的“方法”来描述客户端对服务器上资源进行的各种操作。以下是几种常用的HTTP方法：

#### GET 方法
- **功能**：从指定的资源获取数据。
- **使用场景**：最常见的用途之一是在网页中加载HTML文档或其他静态内容。
- **特点**：GET请求的数据会被添加到URL后面作为查询字符串的一部分，这可能会暴露敏感信息。

#### POST 方法
- **功能**：向指定资源提交要处理的数据。
- **使用场景**：提交表单数据、上传文件等需要将数据发送至服务器进行处理的情况。
- **特点**：POST请求的数据不会显示在URL中，且可以发送大量数据。

#### PUT 方法
- **功能**：用来更新服务器上的整个资源。
- **使用场景**：替换现有资源。
- **特点**：PUT请求期望服务器能够完全控制资源的状态。

#### DELETE 方法
- **功能**：删除指定的资源。
- **使用场景**：从服务器删除一个已存在的资源。
- **特点**：DELETE请求应仅用于永久性地从服务器移除资源。

#### HEAD 方法
- **功能**：请求资源的元数据而不获取实际资源的内容。
- **使用场景**：检查资源是否存在，或者了解其头部信息。
- **特点**：HEAD请求不返回任何实体主体部分。

#### OPTIONS 方法
- **功能**：提供有关目标资源的选项信息。
- **使用场景**：允许客户端查看服务器支持哪些HTTP方法。
- **特点**：OPTIONS请求可用于发现服务的能力。

以上就是关于HTTP协议及其常见方法的基本介绍。希望这些信息对您有所帮助！如果您有任何进一步的问题或想要了解更深入的内容，请随时提问。",28.259023904800415,1183,70,False,False,1.4,0.4
14,What is HTTP protocol? What are the common HTTP methods?,web_basics,easy,few_shot,"### HTTP协议及其常见HTTP方法详解

#### 概念解释
**HTTP（HyperText Transfer Protocol）** 是一种用于在Web浏览器和服务器之间传输超文本信息的应用层协议。它定义了一组规则，规定了客户端和服务器如何请求和响应网页内容。HTTP协议是基于请求/响应模型的工作方式，其中客户机发送请求到服务器并接收来自服务器的响应。

#### 常见HTTP方法
HTTP方法也称为动词或请求类型，它们指示了客户端希望对特定资源执行的操作。常见的HTTP方法包括但不限于以下几种：

- **GET**: 请求从指定的资源获取代表性的响应。
- **POST**: 在指定的资源处提交数据进行处理，并可能会导致新的资源的建立或已有资源的修改。
- **PUT**: 用请求的内容替换掉当前资源的内容。
- **DELETE**: 删除指定资源。
- **HEAD**: 类似于`GET`方法，只不过返回的数据不包含实际的实体内容。
- **OPTIONS**: 返回服务器支持的通信选项。
- **PATCH**: 对资源进行部分更新。
- **TRACE**: 执行一个消息回显测试，用于诊断目的。

#### 实际应用举例
假设我们有一个网站，用户通过搜索框输入关键词查询商品信息：

```http
# 客户端向服务器发起GET请求
GET /search?q=apple HTTP/1.1
Host: example.com
```

服务器收到请求后会返回一个响应，其中包含了搜索结果页面的信息：

```http
HTTP/1.1 200 OK
Content-Type: text/html; charset=UTF-8

<!DOCTYPE html>
<html lang=""en"">
<head>
    <meta charset=""UTF-8"">
    <title>Search Results</title>
</head>
<body>
    <h1>Search Results for 'apple'</h1>
    <ul>
        <li><a href=""/product?id=1"">Apple iPhone</a></li>
        <li><a href=""/product?id=2"">Apple Watch</a></li>
    </ul>
</body>
</html>
```

在这个例子中，使用了`GET`方法来检索网页内容，而服务器则使用标准的HTTP状态码和头部信息来提供响应。

#### 实践建议
1. **理解每种方法的具体用途**：了解何时应该使用`GET`、`POST`或其他方法可以帮助你编写更有效的API接口。
2. **学习RESTful设计原则**：这是一种基于资源的方法来设计网络服务的方式，利用HTTP方法来进行增删改查等操作。
3. **熟悉HTTP头部**：除了上述基本方法外，HTTP还包含了许多有用的头部字段，如`Content-Type`、`Authorization`等，这些对于实现安全高效的交互非常重要。

以上就是关于HTTP协议及常见HTTP方法的一个全面介绍。希望这能帮助你更好地理解和应用HTTP协议！如果你有任何进一步的问题或者想要深入了解某个方面，请随时告诉我。",30.006874322891235,1416,91,True,True,1.82,0.6
14,What is HTTP protocol? What are the common HTTP methods?,web_basics,easy,cot,"### 什么是HTTP协议？

#### 步骤 1：定义
**HTTP（HyperText Transfer Protocol）** 是一种用于分布式、协作式和超媒体信息系统的应用层协议。它主要用于浏览器与服务器之间的通信。

#### 步骤 2：解决问题
- **简化网络请求处理**：HTTP 提供了一套标准的方法来发送请求和接收响应，使得浏览器能够轻松地从服务器获取网页内容。
- **通用性**：HTTP 协议的设计目的是为了实现不同系统和服务间的高效沟通。
- **安全性增强**：通过 HTTPS（HTTP over SSL/TLS），增加了数据传输的安全性。

#### 步骤 3：简单代码示例
下面是一个使用Python的`requests`库进行HTTP GET请求的例子：

```python
import requests

# 发送GET请求到指定URL
response = requests.get('https://httpbin.org/get')

# 打印返回的状态码
print(f""Status Code: {response.status_code}"")

# 打印返回的内容
print(response.text)
```

##### 解释
- `requests.get()` 函数向指定 URL 发送一个 GET 请求。
- `status_code` 属性可以用来检查请求是否成功。
- `text` 属性包含响应的内容，通常是HTML或JSON格式的数据。

#### 步骤 4：总结关键要点
- **目的**：提供一种标准化的方式来进行客户端与服务器端的信息交换。
- **主要方法**：常见的HTTP方法包括 `GET`, `POST`, `PUT`, `DELETE`, `HEAD` 等等。
- **应用场景**：广泛应用于Web开发中，如获取网页内容、提交表单数据等。
- **安全性**：可通过HTTPS加密确保数据安全传输。

### 常见的HTTP方法及其用途

#### 步骤 1：定义常见HTTP方法
常见的HTTP方法有以下几种：

1. **GET**
   - **用途**：用于从服务器获取资源。
   - **特点**：通常不会修改服务器上的资源，并且在发送时会将参数附加在URL后面。
   
2. **POST**
   - **用途**：用于向指定资源提交新数据以创建新的资源或者更新现有的资源。
   - **特点**：比GET更安全，因为数据不直接暴露在URL上。

3. **PUT**
   - **用途**：用于上传一个资源，或替换已存在的整个资源。
   - **特点**：用于完全更新资源，而不是部分更新。

4. **DELETE**
   - **用途**：用于删除指定的资源。
   - **特点**：删除操作是不可逆的。

5. **HEAD**
   - **用途**：类似于GET，但是只返回状态行和头部，不返回实际的资源内容。
   - **特点**：用于检查请求的URL是否存在，以及是否有相应的MIME类型。

6. **OPTIONS**
   - **用途**：查询目标资源所支持的操作。
   - **特点**：返回服务器关于特定资源的允许的操作列表。

#### 步骤 2：理解这些方法如何工作
每个HTTP方法都有其特定的功能和场景。例如，当你需要从网站获取最新新闻时，通常使用`GET`方法；而当你需要登录并提交用户名和密码时，则可能使用`POST`方法。

#### 步骤 3：代码示例
下面是一些其他HTTP方法的示例代码：

```python
import requests

# POST 示例
response_post = requests.post('https://httpbin.org/post', data={'key': 'value'})
print(f""Post Status Code: {response_post.status_code}"")
print(response_post.text)

# PUT 示例
response_put = requests.put('https://httpbin.org/put', data={'key': 'value'})
print(f""Put Status Code: {response_put.status_code}"")
print(response_put.text)

# DELETE 示例
response_delete = requests.delete('https://httpbin.org/delete')
print(f""Delete Status Code: {response_delete.status_code}"")
print(response_delete.text)
```

#### 步骤 4：总结关键要点
- **GET** 和 **POST** 的主要区别在于数据传递方式及安全性。
- **PUT** 和 **DELETE** 分别用于更新和删除资源。
- **HEAD** 方法用于快速获取元数据而不加载具体内容。
- **OPTIONS** 方法用于了解服务器对特定资源的支持情况。

通过这些基本的理解和实践练习，你可以在日常的Web开发中更加灵活地使用HTTP协议。",44.12901163101196,2275,188,True,True,3.76,1.2
