question_id,question,strategy,response,response_time,length,word_count,has_code,has_steps,clarity_score,completeness_score
0,What is a list comprehension in Python?,zero_shot,"当然，我很乐意解释一下什么是Python中的列表推导式。列表推导式是一种简洁的方式来创建列表的方法。它结合了循环和条件逻辑来生成新的列表。

你可以想象它是这样一个过程：你有一个现有的列表、一个操作（比如改变元素的值）以及可能的一些过滤条件。然后，通过某种方式把这些组合在一起，就可以在一行代码中生成一个新的列表。

那么，具体来说，如何使用列表推导式呢？我们可以通过一个小例子来说明：

假设你有如下一个简单的列表：
```python
numbers = [1, 2, 3, 4, 5]
```

你想创建一个新的列表，其中包含的是原来每个数字乘以2的结果。你会怎么写？

直接用循环的方式可能会这样写：
```python
new_numbers = []
for number in numbers:
    new_number = number * 2
    new_numbers.append(new_number)
```

而使用列表推导式，则可以简化为：
```python
new_numbers = [number * 2 for number in numbers]
```

这里 `[number * 2 for number in numbers]` 就是一个列表推导式。它可以读作：“对于 `numbers` 列表中的每一个 `number`，计算 `number * 2` 的结果，并将这些结果放入新列表中。”

如果你还想要添加一些条件限制，比如只处理那些大于3的数，那么可以进一步扩展为：
```python
new_numbers = [number * 2 for number in numbers if number > 3]
```

这里的 `if number > 3` 表示只有当 `number` 大于3时才会执行后面的运算并将结果加入到新列表中。

现在，你能试着自己构造一个更复杂一点的例子吗？比如，从一个字符串列表中提取出长度大于4的单词。",20.86660385131836,854,83,True,False,1.66,0.4
0,What is a list comprehension in Python?,few_shot,"好的，让我们一步一步地来理解列表推导式（List Comprehension）的概念。

首先，我们可以说列表推导式是一种简洁的方式来创建新的列表。它结合了循环和条件判断的能力，让你能够在一行代码中生成一个新的列表。

接下来，我们可以用一个简单的例子来说明这个过程。假设你有一个包含数字的列表，并且你想创建一个新的列表，其中只包含那些偶数。你会怎么用常规的方法来做这件事呢？

通常的做法可能是这样：
```python
numbers = [1, 2, 3, 4, 5]
even_numbers = []
for num in numbers:
    if num % 2 == 0:
        even_numbers.append(num)
print(even_numbers)  # 输出 [2, 4]
```

而使用列表推导式，你可以把它简化为一行代码：
```python
even_numbers = [num for num in numbers if num % 2 == 0]
print(even_numbers)  # 输出同样为 [2, 4]
```

现在，请试着自己写一段代码，创建一个从0到9的数字列表，并且只保留奇数。然后告诉我你的代码是什么样的。我会给你一些反馈帮助你改进。",14.595243215560913,563,55,True,False,1.1,0.2
0,What is a list comprehension in Python?,cot,"好的，让我们一步一步来理解Python中的列表推导式（List Comprehension）。

### 1. 定义
首先，请你尝试想一想，什么是列表推导式？它是一种创建列表的方法。当你需要从已有数据生成一个新的列表时，可以使用列表推导式。列表推导式的语法和功能是什么样的呢？

---

### 2. 解决的问题
接下来，请考虑一下，为什么要引入列表推导式这种机制？在编写代码时，我们通常会遇到哪些场景需要用到它？比如，在处理列表中的元素时，如果我们想要根据某个条件筛选出符合条件的元素，并将这些元素放入新的列表中，这时我们就可以利用列表推导式来简化这部分逻辑。你能想到更多应用场景吗？

---

### 3. 简单代码示例
现在，假设我们有一个包含一些数字的列表，我们希望从中提取出所有偶数并构成一个新的列表。你会如何使用常规方法实现这一目标？然后再试着使用列表推导式来完成同样的任务。

提示：你可以先用for循环和if语句来写一段代码实现这个需求；然后看看能不能简化这段代码，使其变得更简洁易读。

---

### 4. 关键要点总结
最后，请回顾一下通过列表推导式实现上述功能的过程。列表推导式的优点有哪些？它相比传统的for循环有什么优势？再想一想，列表推导式的基本结构是什么样子的？包括哪些部分是必不可少的，哪些是可以省略的？

---

如果你已经自己完成了这些问题的回答，或者想要进一步探讨其中的具体细节，请告诉我你的想法或答案，我们可以一起进行更深入的学习。如果还有不清楚的地方，也可以随时提问！",19.719709634780884,660,24,False,True,0.48,0.6
1,Explain the concept and working principle of recursion,zero_shot,当然，我很乐意帮助你理解递归这个概念。递归是一种在解决问题时经常使用的技术。首先，请问你对递归有什么了解或疑问吗？你知道递归是关于什么的吗？或者你有见过某个具体的递归例子吗？如果你能告诉我一些你的想法，我可以更好地引导你理解它的工作原理。,6.128190040588379,119,1,False,False,0.02,0.0
1,Explain the concept and working principle of recursion,few_shot,"当然，让我们一起来探讨一下递归的概念和工作原理。

递归是一种函数调用自身的编程技术。你可以把它想象成一个自我复制的过程，就像一张纸在折叠后能够变成自己的一部分一样。但是这里有个关键点——每次递归调用都需要向更简单的问题逼近，最终达到一个可以直接解决的情况（这被称为基本情况或基准情况）。

想象你有一叠书需要排序，最简单的办法是先从最小的那一叠开始。那么对于递归来说，就是不断地将问题分解为更小的部分，直到问题变得足够简单以至于可以直接解决。然后，通过返回这些子问题的结果并组合它们，最终解决问题。

例如，在计算阶乘时，n! (n factorial) 可以被定义为 n * (n-1)!，直到 n 等于 1 或 0。这就构成了递归的一个例子：当 n 减少到基本情况（如 n=1 或 n=0）时停止递归，并开始返回结果向上一层层返回。

你能尝试想一想，如果要编写一个递归函数来计算阶乘，会是什么样的步骤呢？我们可以一起思考如何设计这样的函数。",13.51266074180603,424,21,False,False,0.42,0.4
1,Explain the concept and working principle of recursion,cot,"当然，让我们一步步来理解递归的概念和工作原理。

### 1. 首先，这个概念的定义是什么？

递归是一种在函数内部调用自己的方法。简单来说，就是通过让函数自身重复执行来解决问题的一种方式。这种自我调用可以多次进行，直到满足某个条件停止，这个过程称为递归调用。

你认为递归主要用来描述的是什么样的情况呢？或者说它适用于哪些场景？

---

### 2. 它解决什么问题？

递归通常用于处理那些可以分解为相同类型但规模更小的问题。例如，在计算阶乘、遍历树结构数据、解析文本或解析语法等情况下非常有用。通过将大问题拆解成多个相似的小问题，递归可以使这些问题更容易理解和解决。

你能举出一些可以通过递归来解决的实际问题的例子吗？

---

### 3. 给出一个简单的代码示例

假设我们要编写一个计算阶乘（n! = n * (n-1) * ... * 1）的函数，我们可以使用递归来实现。阶乘的一个特性是n! = n * (n-1)!，这正好符合递归的思想。

请尝试自己写出这个递归函数的大致框架，我会给你一些提示。

---

### 4. 总结关键要点

总结一下，递归的关键要点包括：
- **基准情况**：这是递归必须终止的地方，否则会陷入无限循环。
- **递归调用**：函数需要调用自身以解决较小的问题。
- **问题的缩小**：每次递归调用都应该是原始问题的一个简化版本。

现在，请根据上述几点总结一下你对递归的理解，并尝试给出一个完整的阶乘函数实现。如果有任何疑问或不确定的地方，随时告诉我！",18.88536763191223,659,42,False,True,0.84,0.8
2,What is polymorphism in OOP?,zero_shot,"当然，我们可以一起来探讨一下面向对象编程（OOP）中的多态性。多态性是OOP的一个核心概念，它允许我们使用一种接口来表示不同的类型。

首先，请想一想你家里有几种类型的钥匙？比如家门的钥匙、车的钥匙和抽屉的钥匙。尽管它们的功能不同，但都属于“钥匙”这个类别。在编程中，我们也经常遇到这样的情况，一个方法或操作可以作用于多种类型的对象，而不需要关心具体的类型是什么。

现在请你思考一个问题：如果你有一个接口叫做`Vehicle`，并且有两个类`Car`和`Bike`继承自`Vehicle`。这两个类都有自己的`start()`方法，但是实现方式可能有所不同。那么，如果我们有一个`Vehicle`类型的变量指向了一个`Car`实例，然后调用它的`start()`方法，会发生什么呢？

提示：这里的关键在于，即使你声明的是`Vehicle`类型的变量，但实际上存储的是`Car`对象，所以调用的方法应该是`Car`类中的`start()`方法。

你能猜出答案吗？或者，你想通过一个小例子来看看这到底是怎么工作的吗？",13.110071182250977,459,5,False,False,0.1,0.0
2,What is polymorphism in OOP?,few_shot,"好的，让我们来聊聊面向对象编程（OOP）中的多态性（Polymorphism）。多态性是一个非常重要的概念，它允许我们使用相同的方法或属性名称在不同的类中表示不同的操作。

我们可以把多态性比作一种魔法道具，比如魔杖。当你挥动魔杖时，根据你的意图和场合，它会变成不同的东西，比如说变成一把剑、一支羽毛笔或者是一艘船。同样地，在编程中，多态性意味着你可以在不知道具体类型的情况下，调用同一个方法并得到适当的结果。

举个简单的例子，假设你有一个动物类库，里面有狗、猫等不同类型的动物。它们都有自己的叫声方法。那么，如果你有一堆动物对象，并且你想让所有动物都叫一声，你可以通过多态性来实现这一点，而不需要关心这些动物具体的种类是什么。

你能试着想一想如何用代码实现这个场景吗？或者告诉我你对这个概念还有哪些疑问？",11.603896141052246,355,4,False,False,0.08,0.2
2,What is polymorphism in OOP?,cot,"当然，让我们一步一步来理解面向对象编程中的多态性（Polymorphism）这一概念。

### 1. 多态性的定义是什么？

首先，请尝试自己思考一下“多态”这个词的意思。它在编程中具体指的是什么？提示：考虑这个词的字面意思——""多形态""。想象一下，如果一种东西可以以多种不同的形式存在或表现，这会给你带来什么样的编程体验或便利呢？

---

### 2. 它解决什么问题？

接下来，想一想没有多态的情况下，可能会遇到哪些挑战或者不便之处。例如，在处理不同类型的对象时，如何才能让它们表现出一致的行为，而不需要编写大量重复的代码呢？

---

### 3. 给出一个简单的代码示例

假设我们正在开发一个图形应用，其中需要处理不同类型的基本形状（比如圆形和正方形），并且这些形状都需要能够绘制自身。你认为应该怎样设计类结构，以便于后续添加新的形状类型时还能保持程序的一致性和可扩展性呢？

---

### 4. 总结关键要点

最后，总结一下通过使用多态性解决了哪些问题，并且在实际编程中，多态性是如何帮助我们提高代码的灵活性、重用性和维护性的。

希望你能通过这样的思考过程对多态性有一个更深刻的理解！如果有任何疑问或者需要具体的例子，请随时告诉我。",15.344738483428955,531,21,False,True,0.42,0.8
3,Explain what decorators are in Python,zero_shot,"当然，我很乐意帮你理解Python中的装饰器。首先，你可以想象装饰器就像是一个可以“包装”其他函数的特殊函数。它们在不修改原有代码的情况下增加功能或行为，有点像给披萨加配料，你可以在原有的基础上添加你喜欢的新口味。

现在，让我们一步一步地来了解一下装饰器的基本概念和用法：

1. **什么是装饰器？**
   装饰器是一种特殊的函数（或者更准确地说是一个对象），它能够接收另一个函数作为参数，并且返回一个新的函数。这个新的函数通常会增强原函数的功能，但也可以保持其基本功能不变。

2. **如何定义一个装饰器？**
   为了创建一个装饰器，你需要定义一个接受一个函数作为参数的函数，并在这个新函数中返回另一个函数。这里有一个简单的例子：
   
   ```python
   def my_decorator(func):
       def wrapper():
           print(""Something is happening before the function is called."")
           func()
           print(""Something is happening after the function is called."")
       return wrapper
   ```

3. **如何使用装饰器？**
   使用装饰器非常简单。你只需要将你的函数名放在你定义的装饰器后面即可。这会让装饰器自动应用到该函数上。
   
   ```python
   @my_decorator
   def say_hello():
       print(""Hello!"")

   # 这等价于:
   # say_hello = my_decorator(say_hello)

   say_hello()
   ```
   
4. **装饰器的实际用途是什么？**
   装饰器在实际开发中有许多用途，比如日志记录、性能测量、权限检查等。通过装饰器，我们可以优雅地为多个函数添加相同的处理逻辑，而不需要重复编写相同的功能代码。

希望这些信息能帮助你更好地理解Python中的装饰器！如果你有任何具体的问题或想要进一步了解某个方面，请告诉我。",19.80173373222351,969,53,True,True,1.06,0.4
3,Explain what decorators are in Python,few_shot,"当然，让我们用类似的例子来解释Python中的装饰器。首先，想一下你有一个普通的函数，它可能做一些特定的任务。那么，装饰器是什么呢？装饰器就像是给这个函数穿上了一件特殊的外衣，让它能做更多的事情！

具体来说，装饰器是一个用于修改现有函数或方法的功能。它们通常被定义为接受一个函数作为参数，并返回一个新的函数，这个新的函数可能会以某种方式增强原始函数的功能，或者在调用原始函数前后添加额外的行为。

举个简单的例子，假设我们有一个简单的打印时间戳的功能函数 `print_current_time`，我们可以使用装饰器来增强它，在每次调用时自动记录和显示当前的时间。

下面我会引导你一步一步理解这个过程：

1. 首先，你需要知道如何定义一个普通函数。
2. 然后，了解如何定义一个装饰器函数，它接收一个函数作为参数。
3. 最后，学习如何应用装饰器到目标函数上。

你能试着自己写出一个简单的 `print_current_time` 函数吗？这是一个没有装饰器的版本：```python
def print_current_time():
    import datetime
    current_time = datetime.datetime.now()
    print(""Current time:"", current_time)
```

接下来，我将引导你编写一个简单的装饰器来增加功能。你应该能够通过思考完成这个任务！",15.01119327545166,623,26,True,True,0.52,0.4
3,Explain what decorators are in Python,cot,"当然，让我们一步步来理解Python中的装饰器。

### 1. 首先，这个概念的定义是什么？

装饰器是一种特殊的Python语法结构，它允许你在不修改函数或方法源代码的情况下，增加新的功能。简单来说，装饰器就是用来“包装”其他函数的一种函数。

### 2. 它解决什么问题？

装饰器主要解决了在程序中频繁需要扩展某些函数行为的问题。比如，你可能希望为多个函数添加日志记录、性能计时或者权限验证等功能。使用装饰器可以避免在每个需要的功能上重复编写相同的代码，从而提高代码的复用性和可维护性。

### 3. 给出一个简单的代码示例

假设我们有一个简单的函数`say_hello`，现在想给它加上打印执行时间的功能，而不想直接修改`say_hello`的代码。我们可以这样写装饰器：

```python
import time

# 装饰器函数
def timing_decorator(func):
    def wrapper():
        start_time = time.time()
        func()  # 原始函数被调用
        end_time = time.time()
        print(f""Function {func.__name__} took {end_time - start_time:.4f} seconds to execute."")
    return wrapper

@timing_decorator
def say_hello():
    print(""Hello!"")

# 执行带装饰器的函数
say_hello()
```

在这个例子中，`timing_decorator`就是一个装饰器，它可以接收任何函数作为参数，并返回一个新的函数`wrapper`，该新函数会在调用原始函数前后插入一些额外的行为（这里是打印耗时）。

### 4. 总结关键要点

- **装饰器**是用于增强已有函数的方法。
- 使用装饰器可以在不修改原有函数代码的基础上为其添加额外功能。
- 装饰器本质上是一个接受函数作为参数并返回另一个函数的高阶函数。
- `@decorator_name` 是应用装饰器到函数上的简洁语法糖。

通过这些步骤和实例，希望能帮助你更好地理解和掌握Python中的装饰器概念！",21.711678504943848,998,64,True,True,1.28,0.6
4,What are time complexity and space complexity?,zero_shot,"好的，让我们来聊聊时间复杂度和空间复杂度。这两个概念是评估算法效率的重要指标。

### 时间复杂度 (Time Complexity)
时间复杂度描述的是一个程序或算法运行所需的时间量与输入数据大小之间的关系。简单来说，就是分析程序执行时需要多少“基本操作”。

#### 举例说明：
假设你有一个简单的循环，它遍历了一个包含 `n` 个元素的列表，并对每个元素进行了一次加法操作。
```python
def add_one_to_list(lst):
    for i in range(len(lst)):
        lst[i] += 1
```
在这个例子中，每次迭代都会执行一次加法操作，所以总的运算次数与列表中的元素数量成正比。

#### 常见的时间复杂度表示方法有：
- **O(1)** - 恒定时间复杂度，无论输入规模多大，操作次数都是固定的。
- **O(n)** - 线性时间复杂度，操作次数与输入规模成线性关系。
- **O(log n)** - 对数时间复杂度，常见于二分查找等算法。
- **O(n^2)** - 平方时间复杂度，通常出现在嵌套循环的情况下。

### 空间复杂度 (Space Complexity)
空间复杂度指的是算法在执行过程中临时占用存储空间的数量（包括输入输出所需的存储空间）与输入数据的关系。

#### 举例说明：
还是上面的例子，如果我们将结果保存在一个新的列表中而不是原地修改列表，那么空间复杂度会增加到 O(n)。

```python
def add_one_to_list_new(lst):
    new_lst = [0] * len(lst)  # 创建一个新的列表
    for i in range(len(lst)):
        new_lst[i] = lst[i] + 1
    return new_lst
```

#### 常见的空间复杂度表示方法有：
- **O(1)** - 常数空间复杂度，只使用固定数量的额外空间。
- **O(n)** - 线性空间复杂度，随着输入数据的增长，所需空间也按比例增长。

### 总结
理解时间和空间复杂度有助于我们优化代码，使其更高效、占用更少资源。你可以试着思考一下，对于不同的问题，如何选择合适的复杂度以达到最佳效果。现在，请尝试举几个实际的例子来应用这些概念吧！",24.581759929656982,1014,86,True,False,1.72,0.4
4,What are time complexity and space complexity?,few_shot,"时间复杂度和空间复杂度是评估算法效率的重要指标。我们可以将它们理解为算法在运行时所需的资源量。

**时间复杂度**是指算法执行所需的时间，它通常与输入数据的大小有关。我们可以通过分析算法的基本操作次数来估算这一点。想象一下你在整理一堆书，如果每本书都需要检查一遍，那么你检查所有书的操作次数就取决于书的数量。这就是时间复杂度的概念。

**空间复杂度**则是指算法执行过程中临时占用内存的空间大小，也与输入数据的大小相关。还是拿整理书的例子来说，如果你需要暂时把所有的书都拿出来重新排序，那么你可能需要额外的桌子或空间来放置这些书，这就增加了空间复杂度。

举个具体的例子帮助理解：
假设有一个简单的算法，用于在一个列表中找到最大的数。
- 如果直接遍历列表并比较每个元素（例如使用for循环），那每次比较都会涉及两个元素，而最坏情况下你需要比较n-1次（n是列表长度）。所以这个过程的时间复杂度可以说是O(n)。
- 另外，这个算法不需要额外的数据结构来保存中间结果，因此它的空间复杂度就是O(1)，即常数级别。

通过这样的类比和具体例子，希望你能更好地理解时间和空间复杂度的概念。你现在试着总结一下这两个概念吧！",15.036886930465698,510,10,False,False,0.2,0.4
4,What are time complexity and space complexity?,cot,"当然，让我们一步一步地来探讨时间复杂度和空间复杂度的概念。

### 1. 这个概念的定义是什么？

首先，我们需要了解什么是时间复杂度和空间复杂度。这两者是评估算法效率的重要工具，它们帮助我们理解算法在执行过程中所需的资源（时间或内存）量。

- **时间复杂度**：衡量程序执行所需要的时间，通常是指随着输入数据规模增长时运行时间的增长趋势。
- **空间复杂度**：衡量程序执行所需要的空间大小，即算法在执行过程中所占用的存储空间。

### 2. 它解决什么问题？

这两个概念主要用于分析和比较不同算法的性能优劣，特别是在处理大规模数据集时尤为重要。通过计算这些复杂度，开发者可以更好地选择合适的算法来优化程序性能。

### 3. 给出一个简单的代码示例

假设我们要实现一个函数，该函数用于找到数组中的最大值。我们将提供两种不同的方法，并分析它们的时间和空间复杂度。

#### 方法一：遍历整个数组一次
```python
def find_max(arr):
    max_val = arr[0]
    for i in range(1, len(arr)):
        if arr[i] > max_val:
            max_val = arr[i]
    return max_val
```

#### 方法二：使用内置函数 `max()`
```python
def find_max_builtin(arr):
    return max(arr)
```

**时间复杂度和空间复杂度分析**：
- 方法一的时间复杂度为 O(n)，其中 n 是数组长度；因为需要遍历每个元素。
- 方法一的空间复杂度为 O(1)；除了输入数组外不需要额外的空间。
- 方法二的时间复杂度同样为 O(n)，但实际运行时可能会更依赖于底层实现细节。
- 方法二的空间复杂度也是 O(1)。

### 4. 总结关键要点

- **时间复杂度**关注的是算法执行所需的时间，它反映了算法处理任务的能力随输入大小增加的变化情况。
- **空间复杂度**关心的是算法执行期间使用的内存空间量，这有助于评估程序对系统资源的需求。
- 在设计高效算法时，同时考虑时间和空间复杂度是非常重要的，这样可以帮助我们在提高效率的同时保持良好的可维护性和扩展性。

希望这样的解释能够帮助你理解时间复杂度和空间复杂度的基本概念及其重要性！如果你有任何疑问或者想要进一步讨论某个方面，请随时提问。",24.80963134765625,1059,74,True,True,1.48,0.8
